seq_id	song	seq_name	n_frames
0	12step	_1_2_step_l_12step.seq	16
1	12step	_1_2_step_r_12step.seq	16
2	12step	apple_picker_12step.seq	16
3	12step	around_the_clock_12step.seq	16
4	12step	finishing_move_12step.seq	14
5	12step	housing_12step.seq	16
6	12step	humpty_dance_12step.seq	16
7	12step	humpty_dance_wall_bang_12step.seq	16
8	12step	long_stretch_12step.seq	16
9	12step	peep_hole_12step.seq	16
10	12step	pumpkinhead_12step.seq	16
11	12step	secret_treasure_12step.seq	16
12	12step	shopping_spree_12step.seq	16
13	12step	skeevy_12step.seq	16
14	12step	slick_slide_and_pop_l_12step.seq	16
15	12step	slick_slide_and_pop_r_12step.seq	16
16	12step	slick_slide_l_12step.seq	16
17	12step	slick_slide_r_12step.seq	16
18	12step	slow_march_12step.seq	16
19	12step	slow_motion_12step.seq	16
20	12step	step_and_look_l_12step.seq	16
21	12step	step_and_look_r_12step.seq	16
22	12step	step_out_l_12step.seq	16
23	12step	step_out_r_12step.seq	16
24	12step	super_charge_12step.seq	16
25	12step	swing_both_12step.seq	16
26	12step	swing_step_12step.seq	16
27	12step	tell_it_12step.seq	16
28	12step	walk_and_snap_l_12step.seq	16
29	12step	walk_and_snap_r_12step.seq	16
30	12step	wave_snap_12step.seq	16
31	12step	whip_that_12step.seq	16
32	aint2proud2beg	back_up_bootay_aint2proud2beg.seq	16
33	aint2proud2beg	ball_change_wipe_aint2proud2beg.seq	16
34	aint2proud2beg	bball_aint2proud2beg.seq	16
35	aint2proud2beg	cat_claw_aint2proud2beg.seq	16
36	aint2proud2beg	chainsaw_aint2proud2beg.seq	16
37	aint2proud2beg	chest_pump_what_aint2proud2beg.seq	16
38	aint2proud2beg	face_off_aint2proud2beg.seq	16
39	aint2proud2beg	fan_it_l_aint2proud2beg.seq	16
40	aint2proud2beg	fan_it_r_aint2proud2beg.seq	16
41	aint2proud2beg	feel_about_punch_aint2proud2beg.seq	16
42	aint2proud2beg	finishing_move_aint2proud2beg.seq	14
43	aint2proud2beg	gimme_ten_aint2proud2beg.seq	16
44	aint2proud2beg	golly_gee_aint2proud2beg.seq	16
45	aint2proud2beg	head_sway_aint2proud2beg.seq	16
46	aint2proud2beg	hold_my_hamma_aint2proud2beg.seq	16
47	aint2proud2beg	hood_sq_aint2proud2beg.seq	16
48	aint2proud2beg	hoola_hoop_aint2proud2beg.seq	16
49	aint2proud2beg	hop_smack_down_aint2proud2beg.seq	16
50	aint2proud2beg	its_yours_aint2proud2beg.seq	16
51	aint2proud2beg	long_dk_aint2proud2beg.seq	16
52	aint2proud2beg	macarena_3_aint2proud2beg.seq	16
53	aint2proud2beg	macarena_4_aint2proud2beg.seq	16
54	aint2proud2beg	nah_walk_back_aint2proud2beg.seq	16
55	aint2proud2beg	noo_bang_aint2proud2beg.seq	16
56	aint2proud2beg	pagent_kisses_aint2proud2beg.seq	16
57	aint2proud2beg	pee_on_da_tree_aint2proud2beg.seq	16
58	aint2proud2beg	point_sit_aint2proud2beg.seq	16
59	aint2proud2beg	posey_aint2proud2beg.seq	16
60	aint2proud2beg	quicey_aint2proud2beg.seq	16
61	aint2proud2beg	rock_yo_shit_aint2proud2beg.seq	16
62	aint2proud2beg	rolling_thunder_aint2proud2beg.seq	16
63	aint2proud2beg	run_it_aint2proud2beg.seq	16
64	aint2proud2beg	say_it_wit_yo_chest_aint2proud2beg.seq	16
65	aint2proud2beg	shamang_it_aint2proud2beg.seq	16
66	aint2proud2beg	side_kick_out_r_aint2proud2beg.seq	16
67	aint2proud2beg	side_point_walk_aint2proud2beg.seq	16
68	aint2proud2beg	slam_out_aint2proud2beg.seq	16
69	aint2proud2beg	step_on_it_aint2proud2beg.seq	16
70	aint2proud2beg	swag_sway_aint2proud2beg.seq	16
71	aint2proud2beg	swish_wave_aint2proud2beg.seq	16
72	aint2proud2beg	the_wop_aint2proud2beg.seq	16
73	aint2proud2beg	think_mookie_aint2proud2beg.seq	16
74	aint2proud2beg	thought_process_aint2proud2beg.seq	16
75	aint2proud2beg	under_sway_aint2proud2beg.seq	16
76	aint2proud2beg	whats_my_name_aint2proud2beg.seq	16
77	aint2proud2beg	wipe_the_x_off_l_aint2proud2beg.seq	16
78	aint2proud2beg	wipe_the_x_off_r_aint2proud2beg.seq	16
79	aroundtheworld	arm_swing_aroundtheworld.seq	16
80	aroundtheworld	around_the_world_r_aroundtheworld.seq	16
81	aroundtheworld	around_this_low_dl_aroundtheworld.seq	16
82	aroundtheworld	around_this_low_dr_aroundtheworld.seq	16
83	aroundtheworld	around_this_reset_l_aroundtheworld.seq	16
84	aroundtheworld	around_this_reset_r_aroundtheworld.seq	16
85	aroundtheworld	boog_hop_aroundtheworld.seq	16
86	aroundtheworld	cross_step_aroundtheworld.seq	16
87	aroundtheworld	double_hit_lr_aroundtheworld.seq	16
88	aroundtheworld	double_hit_u_normal_aroundtheworld.seq	16
89	aroundtheworld	finishing_move_aroundtheworld.seq	14
90	aroundtheworld	french_twist_aroundtheworld.seq	16
91	aroundtheworld	groove_down_aroundtheworld.seq	16
92	aroundtheworld	groove_up_aroundtheworld.seq	16
93	aroundtheworld	j_i_b_groove_aroundtheworld.seq	16
94	aroundtheworld	j_i_b_swing_aroundtheworld.seq	16
95	aroundtheworld	jack_in_the_box_aroundtheworld.seq	16
96	aroundtheworld	lean_pop_fb_aroundtheworld.seq	16
97	aroundtheworld	lean_pop_lr_aroundtheworld.seq	16
98	aroundtheworld	leg_rock_and_spin_aroundtheworld.seq	16
99	aroundtheworld	leg_rock_aroundtheworld.seq	16
100	aroundtheworld	leg_roll_aroundtheworld.seq	16
101	aroundtheworld	roll_breakdown_aroundtheworld.seq	16
102	aroundtheworld	saccing_cross_arms_aroundtheworld.seq	16
103	aroundtheworld	shuffle_back_aroundtheworld.seq	16
104	aroundtheworld	single_hits_aroundtheworld.seq	16
105	aroundtheworld	skate_aroundtheworld.seq	16
106	aroundtheworld	step_out_aroundtheworld.seq	16
107	aroundtheworld	strut_aroundtheworld.seq	16
108	aroundtheworld	wave_breakdown_aroundtheworld.seq	16
109	aroundtheworld	wave_l_out_aroundtheworld.seq	16
110	aroundtheworld	wave_l_out_in_aroundtheworld.seq	16
111	aroundtheworld	wave_r_out_aroundtheworld.seq	16
112	aroundtheworld	wave_r_out_in_aroundtheworld.seq	16
113	bassdownlow	bass_down_low_bassdownlow.seq	16
114	bassdownlow	celebrate_rl_bassdownlow.seq	16
115	bassdownlow	count_and_throw_bassdownlow.seq	16
116	bassdownlow	duw_rl_bassdownlow.seq	16
117	bassdownlow	finishing_move_bassdownlow.seq	14
118	bassdownlow	get_get_get_a_lick_bassdownlow.seq	16
119	bassdownlow	groove_r_bassdownlow.seq	16
120	bassdownlow	headphone_walk_bassdownlow.seq	16
121	bassdownlow	hop_skip_skip_drop_bassdownlow.seq	16
122	bassdownlow	i_like_my_beats_fast_bassdownlow.seq	16
123	bassdownlow	kermit_the_frog_rl_bassdownlow.seq	16
124	bassdownlow	kick_chop_rl_bassdownlow.seq	16
125	bassdownlow	lean_and_pose_rl_bassdownlow.seq	16
126	bassdownlow	lean_and_shout_rl_bassdownlow.seq	16
127	bassdownlow	lock_l_lock_r_bassdownlow.seq	16
128	bassdownlow	mitts_in_the_oven_bassdownlow.seq	16
129	bassdownlow	pull_and_drop_l_bassdownlow.seq	16
130	bassdownlow	pull_and_drop_r_bassdownlow.seq	16
131	bassdownlow	roll_down_low_l_bassdownlow.seq	16
132	bassdownlow	roll_down_low_r_bassdownlow.seq	16
133	bassdownlow	shoot_lr_rl_bassdownlow.seq	16
134	bassdownlow	shoulder_rl_bassdownlow.seq	16
135	bassdownlow	shrug_walk_rl_bassdownlow.seq	16
136	bassdownlow	slap_the_floor_l_bassdownlow.seq	16
137	bassdownlow	slap_the_floor_r_bassdownlow.seq	16
138	bassdownlow	step_punch_slide_l_bassdownlow.seq	16
139	bassdownlow	step_punch_slide_r_bassdownlow.seq	16
140	bassdownlow	stop_and_drop_rl_bassdownlow.seq	16
141	bassdownlow	wipe_the_lip_rl_bassdownlow.seq	16
142	betteroffalone	clear_path_l_betteroffalone.seq	16
143	betteroffalone	clear_path_r_betteroffalone.seq	16
144	betteroffalone	cross_back_clap_l_betteroffalone.seq	16
145	betteroffalone	cross_back_clap_r_betteroffalone.seq	16
146	betteroffalone	cross_jabs_betteroffalone.seq	16
147	betteroffalone	cross_swings_betteroffalone.seq	16
148	betteroffalone	finishing_move_betteroffalone.seq	13
149	betteroffalone	heely_betteroffalone.seq	16
150	betteroffalone	hops_betteroffalone.seq	16
151	betteroffalone	hype_pump_l_betteroffalone.seq	16
152	betteroffalone	hype_pump_r_betteroffalone.seq	16
153	betteroffalone	i_want_it_betteroffalone.seq	16
154	betteroffalone	jabbin_betteroffalone.seq	16
155	betteroffalone	kick_step_back_betteroffalone.seq	16
156	betteroffalone	low_twists_betteroffalone.seq	16
157	betteroffalone	old_school_bounce_l_betteroffalone.seq	16
158	betteroffalone	old_school_bounce_r_betteroffalone.seq	16
159	betteroffalone	pull_it_down_l_betteroffalone.seq	16
160	betteroffalone	pull_it_down_r_betteroffalone.seq	16
161	betteroffalone	pull_through_betteroffalone.seq	16
162	betteroffalone	quick_trip_betteroffalone.seq	16
163	betteroffalone	reach_4_the_stars_l_betteroffalone.seq	16
164	betteroffalone	reach_4_the_stars_r_betteroffalone.seq	16
165	betteroffalone	roxbury_betteroffalone.seq	16
166	betteroffalone	shoulder_brush_betteroffalone.seq	16
167	betteroffalone	slushie_betteroffalone.seq	16
168	betteroffalone	smooth_pull_l_betteroffalone.seq	16
169	betteroffalone	smooth_pull_r_betteroffalone.seq	16
170	betteroffalone	talk_to_me_betteroffalone.seq	16
171	bewareoftheboys	chaiya_chaiya_l_bewareoftheboys.seq	16
172	bewareoftheboys	chaiya_chaiya_r_bewareoftheboys.seq	16
173	bewareoftheboys	cross_and_lean_bewareoftheboys.seq	16
174	bewareoftheboys	cross_step_too_hot_bewareoftheboys.seq	16
175	bewareoftheboys	farmer_bewareoftheboys.seq	16
176	bewareoftheboys	finishing_move_bewareoftheboys.seq	14
177	bewareoftheboys	grind_with_me_bewareoftheboys.seq	16
178	bewareoftheboys	jerk_bewareoftheboys.seq	16
179	bewareoftheboys	mad_as_hell_bewareoftheboys.seq	16
180	bewareoftheboys	massage_therapy_bewareoftheboys.seq	16
181	bewareoftheboys	pain_in_the_ass_bewareoftheboys.seq	16
182	bewareoftheboys	pantry_bewareoftheboys.seq	16
183	bewareoftheboys	peanuts_bewareoftheboys.seq	16
184	bewareoftheboys	pendulum_bewareoftheboys.seq	16
185	bewareoftheboys	rainbow_bang_l_bewareoftheboys.seq	16
186	bewareoftheboys	rainbow_bang_r_bewareoftheboys.seq	16
187	bewareoftheboys	ready_set_go_bewareoftheboys.seq	16
188	bewareoftheboys	repeat_l_bewareoftheboys.seq	16
189	bewareoftheboys	repeat_r_bewareoftheboys.seq	16
190	bewareoftheboys	scoop_shoulder_bewareoftheboys.seq	16
191	bewareoftheboys	ski_slope_lr_bewareoftheboys.seq	16
192	bewareoftheboys	ski_slope_rl_bewareoftheboys.seq	16
193	bewareoftheboys	snake_dance_bewareoftheboys.seq	16
194	bewareoftheboys	spastic_pony_bewareoftheboys.seq	16
195	bewareoftheboys	switch_turn_stick_bewareoftheboys.seq	16
196	bewareoftheboys	the_bolly_windmill_r_bewareoftheboys.seq	16
197	bewareoftheboys	tricky_bewareoftheboys.seq	16
198	bewareoftheboys	tunak_tunak_bewareoftheboys.seq	16
199	bewareoftheboys	twisties_bewareoftheboys.seq	16
200	bewareoftheboys	waterfall_bewareoftheboys.seq	16
201	bewareoftheboys	wave_bewareoftheboys.seq	16
202	blackandtan	amp_up_blackandtan.seq	16
203	blackandtan	arm_swing_blackandtan.seq	16
204	blackandtan	bring_it_blackandtan.seq	16
205	blackandtan	buck_square_blackandtan.seq	16
206	blackandtan	bully_check_blackandtan.seq	16
207	blackandtan	busta_run_blackandtan.seq	16
208	blackandtan	can_crush_blackandtan.seq	16
209	blackandtan	criss_cross_apple_sauce_blackandtan.seq	16
210	blackandtan	cross_bones_blackandtan.seq	16
211	blackandtan	eliot_blackandtan.seq	16
212	blackandtan	finishing_move_blackandtan.seq	14
213	blackandtan	get_back_here_blackandtan.seq	16
214	blackandtan	grichka_blackandtan.seq	16
215	blackandtan	grimey_east_blackandtan.seq	16
216	blackandtan	gumby_blackandtan.seq	16
217	blackandtan	jab_combo_1_blackandtan.seq	16
218	blackandtan	jab_combo_2_blackandtan.seq	16
219	blackandtan	lean_back_blackandtan.seq	16
220	blackandtan	mjt_blackandtan.seq	16
221	blackandtan	moonwalk_blackandtan.seq	16
222	blackandtan	peace_over_war_blackandtan.seq	16
223	blackandtan	pinnochio_blackandtan.seq	16
224	blackandtan	reverb_blackandtan.seq	16
225	blackandtan	rip_shirt_blackandtan.seq	16
226	blackandtan	slow_pulse_l_blackandtan.seq	16
227	blackandtan	slow_pulse_r_blackandtan.seq	16
228	blackandtan	slow_pulse_straight_point_blackandtan.seq	16
229	blackandtan	slow_turn_blackandtan.seq	16
230	blackandtan	soccer_kick_blackandtan.seq	16
231	blackandtan	start_up_blackandtan.seq	16
232	blackandtan	suck_it_blackandtan.seq	16
233	blackandtan	talk_to_crowd_blackandtan.seq	16
234	blackandtan	tan_stomp_blackandtan.seq	16
235	blackandtan	the_incredible_hulk_blackandtan.seq	16
236	blackandtan	well_take_you_down_blackandtan.seq	16
237	blackandtan	youll_never_stop_dci_blackandtan.seq	16
238	boomboompow	air_guitar_boomboompow.seq	16
239	boomboompow	ampy_boomboompow.seq	16
240	boomboompow	ape_boomboompow.seq	16
241	boomboompow	boom_boom_back_l_boomboompow.seq	16
242	boomboompow	boom_boom_back_r_boomboompow.seq	16
243	boomboompow	booming_l_boomboompow.seq	16
244	boomboompow	booming_r_boomboompow.seq	16
245	boomboompow	cheer_pumps_boomboompow.seq	16
246	boomboompow	copy_cat_boomboompow.seq	16
247	boomboompow	dig_ems_l_boomboompow.seq	16
248	boomboompow	dig_ems_r_boomboompow.seq	16
249	boomboompow	dog_pumps_l_boomboompow.seq	16
250	boomboompow	dog_pumps_r_boomboompow.seq	16
251	boomboompow	finishing_move_boomboompow.seq	14
252	boomboompow	future_flow_boomboompow.seq	16
253	boomboompow	get_around_boomboompow.seq	16
254	boomboompow	get_it_boomboompow.seq	16
255	boomboompow	high_steps_boomboompow.seq	16
256	boomboompow	next_level_ish_boomboompow.seq	16
257	boomboompow	on_the_run_l_boomboompow.seq	16
258	boomboompow	on_the_run_r_boomboompow.seq	16
259	boomboompow	pump_ish_boomboompow.seq	16
260	boomboompow	quick_feet_2_boomboompow.seq	16
261	boomboompow	quick_feet_boomboompow.seq	16
262	boomboompow	rock_dem_beats_boomboompow.seq	16
263	boomboompow	schnapps_boomboompow.seq	16
264	boomboompow	side_pumps_l_boomboompow.seq	16
265	boomboompow	side_pumps_r_boomboompow.seq	16
266	boomboompow	side_snaps_l_boomboompow.seq	16
267	boomboompow	side_snaps_r_boomboompow.seq	16
268	boomboompow	space_zoom_boomboompow.seq	16
269	boomboompow	swift_boomboompow.seq	16
270	boomboompow	tardy_l_boomboompow.seq	16
271	boomboompow	tardy_r_boomboompow.seq	16
272	boomboompow	tickin_cobra_l_boomboompow.seq	16
273	boomboompow	tickin_cobra_r_boomboompow.seq	16
274	boomboompow	wiggan_l_boomboompow.seq	16
275	boomboompow	wiggan_r_boomboompow.seq	16
276	boomboompow	wopz_boomboompow.seq	16
277	boyfriend	ak_boyfriend.seq	16
278	boyfriend	around_head_down_boyfriend.seq	16
279	boyfriend	bieber_jerk_l_boyfriend.seq	16
280	boyfriend	bieber_jerk_r_boyfriend.seq	16
281	boyfriend	blade_boyfriend.seq	16
282	boyfriend	circle_chest_boyfriend.seq	16
283	boyfriend	curls_boyfriend.seq	16
284	boyfriend	dice_boyfriend.seq	16
285	boyfriend	dust_off_boyfriend.seq	16
286	boyfriend	finishing_move_boyfriend.seq	14
287	boyfriend	get_jiggy_wit_it_boyfriend.seq	16
288	boyfriend	get_low_boyfriend.seq	16
289	boyfriend	grind_back_boyfriend.seq	16
290	boyfriend	haircut_boyfriend.seq	16
291	boyfriend	holla_atcha_l_boyfriend.seq	16
292	boyfriend	holla_atcha_r_boyfriend.seq	16
293	boyfriend	hourglass_boyfriend.seq	16
294	boyfriend	jazz_hand_up_boyfriend.seq	16
295	boyfriend	lift_your_leg_boyfriend.seq	16
296	boyfriend	move_boyfriend.seq	16
297	boyfriend	muscle_man_boyfriend.seq	16
298	boyfriend	no_fighting_boyfriend.seq	16
299	boyfriend	onyx_boyfriend.seq	16
300	boyfriend	pump_in_place_r_boyfriend.seq	16
301	boyfriend	rock_to_the_right_boyfriend.seq	16
302	boyfriend	shoulders_boyfriend.seq	16
303	boyfriend	shut_up_boyfriend.seq	16
304	boyfriend	skate_boyfriend.seq	16
305	boyfriend	step_step_boyfriend.seq	16
306	boyfriend	step_turn_boyfriend.seq	16
307	boyfriend	talk_boyfriend.seq	16
308	boyfriend	twist_low_boyfriend.seq	16
309	boyfriend	vq1_boyfriend.seq	16
310	boyfriend	wheelchair_boyfriend.seq	16
311	calabria	back_against_the_wall_calabria.seq	16
312	calabria	back_up_calabria.seq	16
313	calabria	carnival_calabria.seq	16
314	calabria	chiro_l_calabria.seq	16
315	calabria	chiro_r_calabria.seq	16
316	calabria	come_round_now_calabria.seq	16
317	calabria	corkscrew_calabria.seq	16
318	calabria	double_punch_r_calabria.seq	16
319	calabria	dutty_whine_calabria.seq	16
320	calabria	finishing_move_calabria.seq	14
321	calabria	hellshire_stroll_l_calabria.seq	16
322	calabria	hellshire_stroll_r_calabria.seq	16
323	calabria	horizon_arms_calabria.seq	16
324	calabria	i_feel_love_calabria.seq	16
325	calabria	look_out_below_calabria.seq	16
326	calabria	look_out_man_calabria.seq	16
327	calabria	matador_l_calabria.seq	16
328	calabria	matador_r_calabria.seq	16
329	calabria	newtons_hip_cradle_calabria.seq	16
330	calabria	noisemaker_calabria.seq	16
331	calabria	punchy_r_calabria.seq	16
332	calabria	push_on_me_calabria.seq	16
333	calabria	push_up_calabria.seq	16
334	calabria	rollerskate_l_calabria.seq	16
335	calabria	rollerskate_r_calabria.seq	16
336	calabria	screw_off_calabria.seq	16
337	calabria	see_dat_calabria.seq	16
338	calabria	selector_calabria.seq	16
339	calabria	skates_l_calabria.seq	16
340	calabria	skates_r_calabria.seq	16
341	calabria	ski_mask_calabria.seq	16
342	calabria	stukie_l1_calabria.seq	16
343	calabria	stukie_l2_calabria.seq	16
344	calabria	stukie_r1_calabria.seq	16
345	calabria	stukie_r2_calabria.seq	16
346	calabria	twist_your_backside_calabria.seq	16
347	calabria	twisted_ankle_calabria.seq	16
348	calabria	willybounce_calabria.seq	16
349	calabria	willybounce_low_calabria.seq	16
350	chingaling	ad_damm_l_chingaling.seq	16
351	chingaling	ad_damm_r_chingaling.seq	16
352	chingaling	arm_wave_drive_pull_back_chingaling.seq	16
353	chingaling	bush_pits_chingaling.seq	16
354	chingaling	butt_slap_turn_around_chingaling.seq	16
355	chingaling	chin_sit_chingaling.seq	16
356	chingaling	cold_arm_chingaling.seq	16
357	chingaling	double_take_em_curves_chingaling.seq	16
358	chingaling	finishing_move_chingaling.seq	14
359	chingaling	fist_circle_l_tick_tock_chingaling.seq	16
360	chingaling	fist_circle_r_tick_tock_chingaling.seq	16
361	chingaling	flick_bogo_chingaling.seq	16
362	chingaling	flick_reeerrrow_chingaling.seq	16
363	chingaling	gitty_grab_chingaling.seq	16
364	chingaling	gitty_knees_flap_chingaling.seq	16
365	chingaling	hated_it_chanel_chingaling.seq	16
366	chingaling	hip_sway_chingaling.seq	16
367	chingaling	hippy_r_hook_l_chingaling.seq	16
368	chingaling	hop_hop_l_smush_r_chingaling.seq	16
369	chingaling	hump_roll_sleep_chingaling.seq	16
370	chingaling	jack_hammer_large_hip_circle_chingaling.seq	16
371	chingaling	kick_back_bring_it_chingaling.seq	16
372	chingaling	kriss_kross_roll_up_chingaling.seq	16
373	chingaling	march_punch_chingaling.seq	16
374	chingaling	marilyn_spikey_wiggle_hit_chingaling.seq	16
375	chingaling	mel_kicks_chingaling.seq	16
376	chingaling	oh_waiter_chingaling.seq	16
377	chingaling	oh_you_now_chingaling.seq	16
378	chingaling	patty_cake_chingaling.seq	16
379	chingaling	pump_whats_us_chingaling.seq	16
380	chingaling	push_down_socks_pulled_up_chingaling.seq	16
381	chingaling	queenie_raise_up_point_out_chingaling.seq	16
382	chingaling	r_side_flick_chingaling.seq	16
383	chingaling	r_skate_foot_chingaling.seq	16
384	chingaling	ro_ro_vogue_chingaling.seq	16
385	chingaling	roll_back_fluff_hair_chingaling.seq	16
386	chingaling	scoop_march_body_roll_chingaling.seq	16
387	chingaling	shades_marilyn_r_chingaling.seq	16
388	chingaling	swag_sway_chingaling.seq	16
389	chingaling	talk_that_smack_chingaling.seq	16
390	chingaling	torey_club_wrist_twist_foot_flick_chingaling.seq	16
391	chingaling	whip_step_chingaling.seq	16
392	chingaling	yack_yack_yack_chingaling.seq	16
393	chingaling	yeaheeee_clap_chingaling.seq	16
394	cupidshuffle	_1_2_step_cupidshuffle.seq	16
395	cupidshuffle	cupid_kicks_cupidshuffle.seq	16
396	cupidshuffle	finishing_move_cupidshuffle.seq	13
397	cupidshuffle	granddaddy_cupidshuffle.seq	16
398	cupidshuffle	hi_hat_cupidshuffle.seq	16
399	cupidshuffle	its_me_down_cupidshuffle.seq	16
400	cupidshuffle	its_me_up_cupidshuffle.seq	16
401	cupidshuffle	karate_kid_l_cupidshuffle.seq	16
402	cupidshuffle	karate_kid_r_cupidshuffle.seq	16
403	cupidshuffle	kick_turn_2_cupidshuffle.seq	16
404	cupidshuffle	kick_turn_cupidshuffle.seq	16
405	cupidshuffle	move_it_or_lose_it_cupidshuffle.seq	16
406	cupidshuffle	muscle_moving_cupidshuffle.seq	16
407	cupidshuffle	pounder_l_cupidshuffle.seq	16
408	cupidshuffle	pounder_r_cupidshuffle.seq	16
409	cupidshuffle	shuffle_cupidshuffle.seq	16
410	cupidshuffle	step_out_l_cupidshuffle.seq	16
411	cupidshuffle	step_out_r_cupidshuffle.seq	16
412	cupidshuffle	swerve_cupidshuffle.seq	16
413	cupidshuffle	thread_it_cupidshuffle.seq	16
414	cupidshuffle	walk_hi_hat_l_cupidshuffle.seq	16
415	cupidshuffle	walk_hi_hat_r_cupidshuffle.seq	16
416	cupidshuffle	walk_it_out_cupidshuffle.seq	16
417	dabutt	basketball_dabutt.seq	16
418	dabutt	bee_gees_dabutt.seq	16
419	dabutt	biggie_dabutt.seq	16
420	dabutt	broadway_bounce_dabutt.seq	16
421	dabutt	catch_bump_rl_dabutt.seq	16
422	dabutt	chop_it_up_dabutt.seq	16
423	dabutt	da_butt_dabutt.seq	16
424	dabutt	finishing_move_dabutt.seq	14
425	dabutt	get_it_dabutt.seq	16
426	dabutt	grimm_dabutt.seq	16
427	dabutt	hopscotch_dabutt.seq	16
428	dabutt	jazz_square_clap_dabutt.seq	16
429	dabutt	jefferson_dabutt.seq	16
430	dabutt	moonshine_l_dabutt.seq	16
431	dabutt	moonshine_r_dabutt.seq	16
432	dabutt	my_valentine_dabutt.seq	16
433	dabutt	polo_dabutt.seq	16
434	dabutt	potato_dabutt.seq	16
435	dabutt	rock_my_world_dabutt.seq	16
436	dabutt	roll_y_poll_y_dabutt.seq	16
437	dabutt	shake_dabutt.seq	16
438	dabutt	shoom_shoom_dabutt.seq	16
439	dabutt	shuffle_dabutt.seq	16
440	dabutt	ski_champ_dabutt.seq	16
441	dabutt	smooth_it_out_dabutt.seq	16
442	dabutt	so_sexy_dabutt.seq	16
443	dabutt	soldier_dabutt.seq	16
444	dabutt	stank_butterfly_l_dabutt.seq	16
445	dabutt	stank_butterfly_r_dabutt.seq	16
446	dabutt	sweep_under_dabutt.seq	16
447	dabutt	swift_step_dabutt.seq	16
448	dabutt	the_grind_l_dabutt.seq	16
449	dabutt	the_grind_r_dabutt.seq	16
450	dabutt	toe_snap_dabutt.seq	16
451	discoinferno	chesty_spirit_discoinferno.seq	16
452	discoinferno	chug_front_discoinferno.seq	16
453	discoinferno	drummy_burst_discoinferno.seq	16
454	discoinferno	energetics_down_discoinferno.seq	16
455	discoinferno	energetics_up_discoinferno.seq	16
456	discoinferno	feeling_awkard_l_d_discoinferno.seq	16
457	discoinferno	feeling_awkard_l_u_discoinferno.seq	16
458	discoinferno	feeling_awkard_r_d_discoinferno.seq	16
459	discoinferno	feeling_awkard_r_u_discoinferno.seq	16
460	discoinferno	finishing_move_discoinferno.seq	14
461	discoinferno	french_blade_l_discoinferno.seq	16
462	discoinferno	french_blade_r_discoinferno.seq	16
463	discoinferno	gimmie_skin_discoinferno.seq	16
464	discoinferno	heated_seats_discoinferno.seq	16
465	discoinferno	high_hip_discoinferno.seq	16
466	discoinferno	hot_seat_discoinferno.seq	16
467	discoinferno	i_lan_d_discoinferno.seq	16
468	discoinferno	jumpy_sit_discoinferno.seq	16
469	discoinferno	just_up_discoinferno.seq	16
470	discoinferno	kunle_jump_discoinferno.seq	16
471	discoinferno	robo_scuff_discoinferno.seq	16
472	discoinferno	robo_stance_discoinferno.seq	16
473	discoinferno	rocky_punches_discoinferno.seq	16
474	discoinferno	rolling_thunder_l_discoinferno.seq	16
475	discoinferno	rolling_thunder_r_discoinferno.seq	16
476	discoinferno	rolling_up_back_discoinferno.seq	16
477	discoinferno	shoutin_discoinferno.seq	16
478	discoinferno	slicey_break_discoinferno.seq	16
479	discoinferno	smooth_salsa_rock_l_discoinferno.seq	16
480	discoinferno	smooth_salsa_rock_r_discoinferno.seq	16
481	discoinferno	spirit_turn_discoinferno.seq	16
482	discoinferno	test_the_water_l_discoinferno.seq	16
483	discoinferno	test_the_water_r_discoinferno.seq	16
484	discoinferno	thunder_x_discoinferno.seq	16
485	discoinferno	ticker_discoinferno.seq	16
486	discoinferno	tri_toe_l_discoinferno.seq	16
487	discoinferno	tri_toe_r_discoinferno.seq	16
488	discoinferno	up_there_discoinferno.seq	16
489	electricboogie	arm_rolls_l_electricboogie.seq	16
490	electricboogie	arm_rolls_r_electricboogie.seq	16
491	electricboogie	bump_electricboogie.seq	16
492	electricboogie	es_easy_b_electricboogie.seq	16
493	electricboogie	es_easy_f_2_electricboogie.seq	16
494	electricboogie	es_easy_f_electricboogie.seq	16
495	electricboogie	es_easy_l_electricboogie.seq	16
496	electricboogie	es_easy_l_letthemusicplay.seq	16
497	electricboogie	es_easy_r_electricboogie.seq	16
498	electricboogie	es_easy_r_letthemusicplay.seq	16
499	electricboogie	es_grapevine_l_electricboogie.seq	16
500	electricboogie	es_grapevine_r_electricboogie.seq	16
501	electricboogie	es_hit_the_floor_electricboogie.seq	16
502	electricboogie	es_shuffle_l_electricboogie.seq	16
503	electricboogie	es_shuffle_r_electricboogie.seq	16
504	electricboogie	fast_locking_electricboogie.seq	16
505	electricboogie	finishing_move_electricboogie.seq	14
506	electricboogie	grapevine_l_electricboogie.seq	16
507	electricboogie	hard_claps_electricboogie.seq	16
508	electricboogie	hop_slap_knees_hitch_hike_electricboogie.seq	16
509	electricboogie	locking_combo_2_electricboogie.seq	16
510	electricboogie	locking_combo_electricboogie.seq	16
511	electricboogie	locking_walk_electricboogie.seq	16
512	electricboogie	look_l_look_r_electricboogie.seq	16
513	electricboogie	roll_groove_electricboogie.seq	16
514	electricboogie	slide_r_electricboogie.seq	16
515	electricboogie	step_touch_clap_clap_electricboogie.seq	16
516	electricboogie	sway_arms_electricboogie.seq	16
517	everybody	aj_l_everybody.seq	16
518	everybody	aj_r_hand_everybody.seq	16
519	everybody	answer_now_everybody.seq	16
520	everybody	boy_band_everybody.seq	16
521	everybody	brothers_sisters_everybody.seq	16
522	everybody	bsb_pose_everybody.seq	16
523	everybody	concert_everybody.seq	16
524	everybody	dj_fierce_everybody.seq	16
525	everybody	dont_hurt_me_now_everybody.seq	16
526	everybody	dust_dust_bowtie_everybody.seq	16
527	everybody	everybody_everybody.seq	16
528	everybody	finishing_move_everybody.seq	14
529	everybody	flavor_everybody.seq	16
530	everybody	getting_it_in_everybody.seq	16
531	everybody	give_it_to_me_everybody.seq	16
532	everybody	grapevine_back_everybody.seq	16
533	everybody	grapevine_forward_everybody.seq	16
534	everybody	im_a_scare_you_everybody.seq	16
535	everybody	jesus_yeah_everybody.seq	16
536	everybody	jiggy_r_jiggy_l_everybody.seq	16
537	everybody	jump_everybody.seq	16
538	everybody	karaoke_everybody.seq	16
539	everybody	larger_than_life_everybody.seq	16
540	everybody	macarena_1_everybody.seq	16
541	everybody	macarena_2_everybody.seq	16
542	everybody	mj_everybody.seq	16
543	everybody	nick_carter_everybody.seq	16
544	everybody	of_course_b_everybody.seq	16
545	everybody	ooh_ooh_ooh_ooh_everybody.seq	16
546	everybody	original_everybody.seq	16
547	everybody	party_everybody.seq	16
548	everybody	question_for_you_everybody.seq	16
549	everybody	sexy_and_you_know_it_everybody.seq	16
550	everybody	show_you_how_everybody.seq	16
551	everybody	skiing_everybody.seq	16
552	everybody	slide_1_and_drop_everybody.seq	16
553	everybody	smooth_grind_everybody.seq	16
554	everybody	the_goblin_walk_everybody.seq	16
555	everybody	ticking_everybody.seq	16
556	everybody	yeah_everybody.seq	16
557	everybody	yo_gabba_gabba_everybody.seq	16
558	firework	austin_powers_firework.seq	16
559	firework	bodie_ball_lift_2_firework.seq	16
560	firework	bodie_ball_lift_firework.seq	16
561	firework	body_builder_firework.seq	16
562	firework	body_wrap_firework.seq	16
563	firework	body_wrap_pot_of_gold_firework.seq	16
564	firework	bombshell_firework.seq	16
565	firework	card_shuffle_firework.seq	16
566	firework	concert_pump_firework.seq	16
567	firework	cut_snap_predator_firework.seq	16
568	firework	debbie_firework.seq	16
569	firework	double_9_firework.seq	16
570	firework	dusk_1_firework.seq	16
571	firework	dusk_2_firework.seq	16
572	firework	fame_turn_firework.seq	16
573	firework	fenway_park_l_firework.seq	16
574	firework	fenway_park_r_firework.seq	16
575	firework	fine_art_firework.seq	16
576	firework	finishing_move_firework.seq	14
577	firework	future_look_firework.seq	16
578	firework	heartbeat_firework.seq	16
579	firework	hook_it_firework.seq	16
580	firework	leroy_brown_firework.seq	16
581	firework	metamorphosis_firework.seq	16
582	firework	momentum_firework.seq	16
583	firework	motivachu_firework.seq	16
584	firework	muscle_man_firework.seq	16
585	firework	muscle_shuffle_firework.seq	16
586	firework	nah_mang_drag_in_firework.seq	16
587	firework	nope_think_tank_firework.seq	16
588	firework	orgasm_snap_firework.seq	16
589	firework	originally_you_firework.seq	16
590	firework	passionhead_firework.seq	16
591	firework	pot_of_gold_cont_firework.seq	16
592	firework	slam_open_shut_firework.seq	16
593	firework	stompy_l_firework.seq	16
594	firework	stompy_r_firework.seq	16
595	firework	sunbeam_l_firework.seq	16
596	firework	sunbeam_r_firework.seq	16
597	firework	torch_stomp_firework.seq	16
598	firework	turmoil_firework.seq	16
599	firework	vogue_wave_2_firework.seq	16
600	firework	vogue_wave_firework.seq	16
601	firework	water_wave_snap_firework.seq	16
602	firework	weird_science_firework.seq	16
603	getlow	arm_swing_getlow.seq	16
604	getlow	atl_stomp_getlow.seq	16
605	getlow	back_it_up_getlow.seq	16
606	getlow	change_clothes_getlow.seq	16
607	getlow	come_and_get_it_l_getlow.seq	16
608	getlow	come_and_get_it_r_getlow.seq	16
609	getlow	dbl_shorty_getlow.seq	16
610	getlow	dirty_south_getlow.seq	16
611	getlow	drunk_square_getlow.seq	16
612	getlow	fine_mind_getlow.seq	16
613	getlow	finishing_move_getlow.seq	14
614	getlow	frantic_getlow.seq	16
615	getlow	get_low_getlow.seq	16
616	getlow	ghetto_girl_r_getlow.seq	16
617	getlow	go_getta_getlow.seq	16
618	getlow	goin_in_getlow.seq	16
619	getlow	gospel_clap_l_getlow.seq	16
620	getlow	gospel_clap_r_getlow.seq	16
621	getlow	hip_rock_getlow.seq	16
622	getlow	roll_clap_getlow.seq	16
623	getlow	roll_smash_l_getlow.seq	16
624	getlow	roll_smash_r_getlow.seq	16
625	getlow	roll_snap_down_getlow.seq	16
626	getlow	roll_snap_up_getlow.seq	16
627	getlow	shorty_getlow.seq	16
628	getlow	stop_and_wiggle_getlow.seq	16
629	getlow	to_the_wall_getlow.seq	16
630	getlow	to_the_windows_getlow.seq	16
631	getlow	turn_grind_getlow.seq	16
632	getlow	wash_my_hands_getlow.seq	16
633	getlow	who_scared_getlow.seq	16
634	getlow	yin_yang_getlow.seq	16
635	giveituptome	boom_boom_giveituptome.seq	16
636	giveituptome	empire_giveituptome.seq	16
637	giveituptome	finishing_move_giveituptome.seq	14
638	giveituptome	firefly_giveituptome.seq	16
639	giveituptome	flappy_tix_l_giveituptome.seq	16
640	giveituptome	flappy_tix_r_giveituptome.seq	16
641	giveituptome	foot_skate_giveituptome.seq	16
642	giveituptome	footsies_giveituptome.seq	16
643	giveituptome	give_it_to_mama_giveituptome.seq	16
644	giveituptome	give_it_to_me_giveituptome.seq	16
645	giveituptome	heart_attack_giveituptome.seq	16
646	giveituptome	helicopter_giveituptome.seq	16
647	giveituptome	hip_hits_giveituptome.seq	16
648	giveituptome	leg_lift_giveituptome.seq	16
649	giveituptome	make_rounds_giveituptome.seq	16
650	giveituptome	overhead_giveituptome.seq	16
651	giveituptome	ragga_march_l_giveituptome.seq	16
652	giveituptome	ragga_march_r_giveituptome.seq	16
653	giveituptome	red_flag_giveituptome.seq	16
654	giveituptome	reggae_groove_giveituptome.seq	16
655	giveituptome	rotate_giveituptome.seq	16
656	giveituptome	slow_motion_l_giveituptome.seq	16
657	giveituptome	slow_motion_r_giveituptome.seq	16
658	giveituptome	slow_wind_2_giveituptome.seq	16
659	giveituptome	slow_wind_giveituptome.seq	16
660	giveituptome	toddler_giveituptome.seq	16
661	giveituptome	toddlin_giveituptome.seq	16
662	giveituptome	wet_willy_l_giveituptome.seq	16
663	giveituptome	wet_willy_r_giveituptome.seq	16
664	hello	beach_party_hello.seq	16
665	hello	boss_lady_hello.seq	16
666	hello	bumpy_groove_hello.seq	16
667	hello	chug_hello.seq	16
668	hello	cross_snatch_hello.seq	16
669	hello	cross_swings_hello.seq	16
670	hello	cute_dress_hello.seq	16
671	hello	find_it_hello.seq	16
672	hello	finishing_move_hello.seq	14
673	hello	flashy_hands_l_hello.seq	16
674	hello	flashy_hands_r_hello.seq	16
675	hello	flirtacious_hello.seq	16
676	hello	flirty_turn_hello.seq	16
677	hello	happy_dance_hello.seq	16
678	hello	head_nod_hello.seq	16
679	hello	headache_hello.seq	16
680	hello	live_it_up_2_hello.seq	16
681	hello	live_it_up_hello.seq	16
682	hello	low_flow_hello.seq	16
683	hello	melt_hello.seq	16
684	hello	my_body_hello.seq	16
685	hello	no_no_hello.seq	16
686	hello	not_the_one_hello.seq	16
687	hello	oh_hi_hello.seq	16
688	hello	overhead_2_hello.seq	16
689	hello	overhead_hello.seq	16
690	hello	prep_hello.seq	16
691	hello	pretty_dress_hello.seq	16
692	hello	prissy_hello.seq	16
693	hello	push_it_down_l_hello.seq	16
694	hello	push_it_down_r_hello.seq	16
695	hello	seduce_2_hello.seq	16
696	hello	seduce_hello.seq	16
697	hello	side_clap_hello.seq	16
698	hello	side_pumps_l_hello.seq	16
699	hello	side_pumps_r_hello.seq	16
700	hello	slow_walk_hello.seq	16
701	hello	snatched_hello.seq	16
702	hello	spure_hello.seq	16
703	hello	squeeze_balls_hello.seq	16
704	hello	stompy_brat_hello.seq	16
705	hello	street_jazz_hello.seq	16
706	hello	think_about_it_hello.seq	16
707	hello	ticky_hello.seq	16
708	hello	whack_it_hello.seq	16
709	hello	x_swivel_hello.seq	16
710	iamthebest	_3_4_sleeve_iamthebest.seq	16
711	iamthebest	african_hula_hoop_iamthebest.seq	16
712	iamthebest	amped_clap_l_iamthebest.seq	16
713	iamthebest	amped_clap_r_iamthebest.seq	16
714	iamthebest	bogo_iamthebest.seq	16
715	iamthebest	boobie_tour_iamthebest.seq	16
716	iamthebest	booty_poppn_iamthebest.seq	16
717	iamthebest	booty_pump_snap_up_yeah_iamthebest.seq	16
718	iamthebest	bouncy_dyno_iamthebest.seq	16
719	iamthebest	bouncy_pop_up_iamthebest.seq	16
720	iamthebest	breath_step_iamthebest.seq	16
721	iamthebest	cross_fist_dip_iamthebest.seq	16
722	iamthebest	dble_diva_wave_iamthebest.seq	16
723	iamthebest	dble_kicky_iamthebest.seq	16
724	iamthebest	diva_bag_iamthebest.seq	16
725	iamthebest	dusk_bow_iamthebest.seq	16
726	iamthebest	extended_knee_skate_iamthebest.seq	16
727	iamthebest	f_in_marcos_iamthebest.seq	16
728	iamthebest	fake_run_foot_hip_kat_iamthebest.seq	16
729	iamthebest	fanny_tap_iamthebest.seq	16
730	iamthebest	finishing_move_iamthebest.seq	14
731	iamthebest	fist_to_face_iamthebest.seq	16
732	iamthebest	flick_da_nats_iamthebest.seq	16
733	iamthebest	island_concert_iamthebest.seq	16
734	iamthebest	jump_in_out_spin_kat_iamthebest.seq	16
735	iamthebest	marcos_minaj_iamthebest.seq	16
736	iamthebest	muppet_mouth_iamthebest.seq	16
737	iamthebest	nicki_no_no_iamthebest.seq	16
738	iamthebest	o_h_my_surprise_face_iamthebest.seq	16
739	iamthebest	pose_iamthebest.seq	16
740	iamthebest	pose_snap_iamthebest.seq	16
741	iamthebest	pretty_face_smack_iamthebest.seq	16
742	iamthebest	pull_that_taffy_sexy_iamthebest.seq	16
743	iamthebest	punchy_iamthebest.seq	16
744	iamthebest	pushnpull_iamthebest.seq	16
745	iamthebest	read_you_up_iamthebest.seq	16
746	iamthebest	rodeo_l_iamthebest.seq	16
747	iamthebest	rodeo_r_iamthebest.seq	16
748	iamthebest	sexy_latina_sway_up_iamthebest.seq	16
749	iamthebest	shani_drop_iamthebest.seq	16
750	iamthebest	short_sleeve_iamthebest.seq	16
751	iamthebest	side_reading_iamthebest.seq	16
752	iamthebest	south_east_walk_back_iamthebest.seq	16
753	iamthebest	south_east_walk_front_iamthebest.seq	16
754	iamthebest	squish_the_beetle_heel_iamthebest.seq	16
755	iamthebest	stompy_punch_iamthebest.seq	16
756	iamthebest	sun_set_iamthebest.seq	16
757	iamthebest	swing_step_iamthebest.seq	16
758	iamthebest	tick_open_out_iamthebest.seq	16
759	iamthebest	track_prep_iamthebest.seq	16
760	iamthebest	tred_wave_side_side_iamthebest.seq	16
761	iamthebest	waitaminit_iamthebest.seq	16
762	iamthebest	willie_bounce_foot_flick_clap_l_iamthebest.seq	16
763	iamthebest	willie_bounce_foot_flick_clap_r_iamthebest.seq	16
764	iceicebaby	amped_iceicebaby.seq	16
765	iceicebaby	and_what_iceicebaby.seq	16
766	iceicebaby	bboy_pose_iceicebaby.seq	16
767	iceicebaby	blahh_iceicebaby.seq	16
768	iceicebaby	boardwalk_iceicebaby.seq	16
769	iceicebaby	body_smush_iceicebaby.seq	16
770	iceicebaby	bump_it_l_iceicebaby.seq	16
771	iceicebaby	bump_it_r_iceicebaby.seq	16
772	iceicebaby	cool_stroll_l_iceicebaby.seq	16
773	iceicebaby	cool_stroll_r_iceicebaby.seq	16
774	iceicebaby	curious_iceicebaby.seq	16
775	iceicebaby	dbl_punch_down_iceicebaby.seq	16
776	iceicebaby	dj_groove_l_iceicebaby.seq	16
777	iceicebaby	dj_groove_r_iceicebaby.seq	16
778	iceicebaby	finishing_move_iceicebaby.seq	14
779	iceicebaby	front_back_step_iceicebaby.seq	16
780	iceicebaby	ghetto_pumps_iceicebaby.seq	16
781	iceicebaby	got_this_iceicebaby.seq	16
782	iceicebaby	gunshots_iceicebaby.seq	16
783	iceicebaby	heavy_crunch_l_iceicebaby.seq	16
784	iceicebaby	heavy_crunch_r_iceicebaby.seq	16
785	iceicebaby	homie_pose_iceicebaby.seq	16
786	iceicebaby	hood_l_iceicebaby.seq	16
787	iceicebaby	hood_r_iceicebaby.seq	16
788	iceicebaby	hood_walk_iceicebaby.seq	16
789	iceicebaby	hops_r_iceicebaby.seq	16
790	iceicebaby	humpty_iceicebaby.seq	16
791	iceicebaby	hype_shuffle_l_iceicebaby.seq	16
792	iceicebaby	hype_shuffle_r_iceicebaby.seq	16
793	iceicebaby	kick_steps_iceicebaby.seq	16
794	iceicebaby	motions_iceicebaby.seq	16
795	iceicebaby	nilla_iceicebaby.seq	16
796	iceicebaby	over_it_iceicebaby.seq	16
797	iceicebaby	pumps_l_iceicebaby.seq	16
798	iceicebaby	pumps_r_iceicebaby.seq	16
799	iceicebaby	punch_down_iceicebaby.seq	16
800	iceicebaby	push_backs_l_iceicebaby.seq	16
801	iceicebaby	push_backs_r_iceicebaby.seq	16
802	iceicebaby	roll_throws_iceicebaby.seq	16
803	iceicebaby	shuffle_kicks_iceicebaby.seq	16
804	iceicebaby	side_scoops_iceicebaby.seq	16
805	iceicebaby	side_walk_l_iceicebaby.seq	16
806	iceicebaby	side_walk_r_iceicebaby.seq	16
807	iceicebaby	smooth_away_iceicebaby.seq	16
808	iceicebaby	swaggah_iceicebaby.seq	16
809	iceicebaby	swift_iceicebaby.seq	16
810	iceicebaby	triple_jab_iceicebaby.seq	16
811	indaclub	_2_step_2_indaclub.seq	16
812	indaclub	_2_step_indaclub.seq	16
813	indaclub	birthday_suit_l_indaclub.seq	16
814	indaclub	birthday_suit_r_indaclub.seq	16
815	indaclub	choked_up_indaclub.seq	16
816	indaclub	club_poppin_l_indaclub.seq	16
817	indaclub	club_poppin_r_indaclub.seq	16
818	indaclub	creepy_indaclub.seq	16
819	indaclub	cupid_kicks_indaclub.seq	16
820	indaclub	devingroove_indaclub.seq	16
821	indaclub	dont_pull_me_back_indaclub.seq	16
822	indaclub	drama_in_the_club_indaclub.seq	16
823	indaclub	finishing_move_indaclub.seq	14
824	indaclub	fix_your_swagg_indaclub.seq	16
825	indaclub	focused_on_money_indaclub.seq	16
826	indaclub	gangsta_groove_indaclub.seq	16
827	indaclub	groupie_love_indaclub.seq	16
828	indaclub	holla_at_me_indaclub.seq	16
829	indaclub	hustle_indaclub.seq	16
830	indaclub	mc_l_indaclub.seq	16
831	indaclub	mc_r_indaclub.seq	16
832	indaclub	money_talks_indaclub.seq	16
833	indaclub	pull_up_indaclub.seq	16
834	indaclub	roll_deep_indaclub.seq	16
835	indaclub	roof_on_fire_indaclub.seq	16
836	indaclub	toast_up_indaclub.seq	16
837	indaclub	too_cool_snap_l_indaclub.seq	16
838	indaclub	too_cool_snap_r_indaclub.seq	16
839	indaclub	walk_it_out_indaclub.seq	16
840	iwillsurvive	all_my_heart_iwillsurvive.seq	16
841	iwillsurvive	arm_windup_iwillsurvive.seq	16
842	iwillsurvive	back_clap_l_iwillsurvive.seq	16
843	iwillsurvive	back_clap_r_iwillsurvive.seq	16
844	iwillsurvive	barrel_of_monkeys_iwillsurvive.seq	16
845	iwillsurvive	brokenhearted_iwillsurvive.seq	16
846	iwillsurvive	compressor_iwillsurvive.seq	16
847	iwillsurvive	croise_dev_l_iwillsurvive.seq	16
848	iwillsurvive	croise_dev_r_iwillsurvive.seq	16
849	iwillsurvive	die_lol_iwillsurvive.seq	16
850	iwillsurvive	dramatic_l_iwillsurvive.seq	16
851	iwillsurvive	dramatic_r_iwillsurvive.seq	16
852	iwillsurvive	fall_out_l_iwillsurvive.seq	16
853	iwillsurvive	fall_out_r_iwillsurvive.seq	16
854	iwillsurvive	finishing_move_iwillsurvive.seq	14
855	iwillsurvive	front_clap_l_iwillsurvive.seq	16
856	iwillsurvive	front_clap_r_iwillsurvive.seq	16
857	iwillsurvive	get_gone_iwillsurvive.seq	16
858	iwillsurvive	gimme_gimme_iwillsurvive.seq	16
859	iwillsurvive	give_snaps_iwillsurvive.seq	16
860	iwillsurvive	griev_hands_iwillsurvive.seq	16
861	iwillsurvive	he_drives_me_mad_iwillsurvive.seq	16
862	iwillsurvive	headache_sway_iwillsurvive.seq	16
863	iwillsurvive	heart_recess_iwillsurvive.seq	16
864	iwillsurvive	heart_throb_iwillsurvive.seq	16
865	iwillsurvive	jazz_square_iwillsurvive.seq	16
866	iwillsurvive	jump_out_turns_iwillsurvive.seq	16
867	iwillsurvive	karate_kick_iwillsurvive.seq	16
868	iwillsurvive	kitty_claw_iwillsurvive.seq	16
869	iwillsurvive	kitty_cover_iwillsurvive.seq	16
870	iwillsurvive	kitty_paws_iwillsurvive.seq	16
871	iwillsurvive	lady_liberty_iwillsurvive.seq	16
872	iwillsurvive	leveled_wind_iwillsurvive.seq	16
873	iwillsurvive	look_my_chin_iwillsurvive.seq	16
874	iwillsurvive	may_mel_together_weep_iwillsurvive.seq	16
875	iwillsurvive	me_point_iwillsurvive.seq	16
876	iwillsurvive	more_snaps_iwillsurvive.seq	16
877	iwillsurvive	pitiful_face_iwillsurvive.seq	16
878	iwillsurvive	point_one_iwillsurvive.seq	16
879	iwillsurvive	present_upward_iwillsurvive.seq	16
880	iwillsurvive	push_it_out_iwillsurvive.seq	16
881	iwillsurvive	rise_up_iwillsurvive.seq	16
882	iwillsurvive	rocking_life_iwillsurvive.seq	16
883	iwillsurvive	sassy_snap_iwillsurvive.seq	16
884	iwillsurvive	she_woman_iwillsurvive.seq	16
885	iwillsurvive	shoo_turn_iwillsurvive.seq	16
886	iwillsurvive	smashing_elbow_iwillsurvive.seq	16
887	iwillsurvive	so_sec_fall_iwillsurvive.seq	16
888	iwillsurvive	so_sec_strong_iwillsurvive.seq	16
889	iwillsurvive	swing_clap_iwillsurvive.seq	16
890	iwillsurvive	thumper_stomp_iwillsurvive.seq	16
891	iwillsurvive	to_the_disco_l_iwillsurvive.seq	16
892	iwillsurvive	to_the_disco_r_iwillsurvive.seq	16
893	iwillsurvive	topple_iwillsurvive.seq	16
894	iwillsurvive	turn_gurl_down_iwillsurvive.seq	16
895	iwillsurvive	turn_gurl_up_iwillsurvive.seq	16
896	iwillsurvive	you_iwillsurvive.seq	16
897	letthemusicplay	_3_hop_letthemusicplay.seq	16
898	letthemusicplay	_4_corners_letthemusicplay.seq	16
899	letthemusicplay	arm_twirl_kick_letthemusicplay.seq	16
900	letthemusicplay	basic_lock_letthemusicplay.seq	16
901	letthemusicplay	body_roll_letthemusicplay.seq	16
902	letthemusicplay	bootay_down_thebreaks.seq	16
903	letthemusicplay	booty_back_letthemusicplay.seq	16
904	letthemusicplay	booty_down_letthemusicplay.seq	16
905	letthemusicplay	cabbage_patch_l_letthemusicplay.seq	16
906	letthemusicplay	cabbage_patch_r_letthemusicplay.seq	16
907	letthemusicplay	cartoon_feet_letthemusicplay.seq	16
908	letthemusicplay	clap_jacks_letthemusicplay.seq	16
909	letthemusicplay	cute_booty_letthemusicplay.seq	16
910	letthemusicplay	dice_letthemusicplay.seq	16
911	letthemusicplay	elbow_hit_warp_letthemusicplay.seq	16
912	letthemusicplay	es_easy_l_letthemusicplay.seq	16
913	letthemusicplay	es_easy_r_letthemusicplay.seq	16
914	letthemusicplay	es_grapevine_l_letthemusicplay.seq	16
915	letthemusicplay	es_grapevine_r_letthemusicplay.seq	16
916	letthemusicplay	finishing_move_letthemusicplay.seq	14
917	letthemusicplay	give_me_5_letthemusicplay.seq	16
918	letthemusicplay	groove_snap_letthemusicplay.seq	16
919	letthemusicplay	hitch_hike_letthemusicplay.seq	16
920	letthemusicplay	hop_cross_groove_letthemusicplay.seq	16
921	letthemusicplay	hop_hit_letthemusicplay.seq	16
922	letthemusicplay	house_step_back_letthemusicplay.seq	16
923	letthemusicplay	hype_letthemusicplay.seq	16
924	letthemusicplay	in_out_lock_letthemusicplay.seq	16
925	letthemusicplay	jive_turkey_letthemusicplay.seq	16
926	letthemusicplay	kermit_letthemusicplay.seq	16
927	letthemusicplay	kick_step_out_letthemusicplay.seq	16
928	letthemusicplay	kicking_eagle_letthemusicplay.seq	16
929	letthemusicplay	lock_combo_letthemusicplay.seq	16
930	letthemusicplay	lock_glide_letthemusicplay.seq	16
931	letthemusicplay	look_hop_clap_letthemusicplay.seq	16
932	letthemusicplay	robot_crab_letthemusicplay.seq	16
933	letthemusicplay	rocksteady_letthemusicplay.seq	16
934	letthemusicplay	roger_rabbit_letthemusicplay.seq	16
935	letthemusicplay	roll_point_letthemusicplay.seq	16
936	letthemusicplay	running_man_letthemusicplay.seq	16
937	letthemusicplay	scooby_doo_letthemusicplay.seq	16
938	letthemusicplay	shoulder_hit_letthemusicplay.seq	16
939	letthemusicplay	slow_point_whip_letthemusicplay.seq	16
940	letthemusicplay	soul_slide_letthemusicplay.seq	16
941	letthemusicplay	stank_booty_wenospeakamericano.seq	16
942	letthemusicplay	step_cross_back_letthemusicplay.seq	16
943	letthemusicplay	step_over_letthemusicplay.seq	16
944	letthemusicplay	sway_letthemusicplay.seq	16
945	macarena	away_no_no_macarena.seq	16
946	macarena	bogo_l_macarena.seq	16
947	macarena	bookie_macarena.seq	16
948	macarena	bootay_roll_slap_macarena.seq	16
949	macarena	butterfly_pound_l_macarena.seq	16
950	macarena	butterfly_pound_r_macarena.seq	16
951	macarena	clap_down_l_macarena.seq	16
952	macarena	clap_down_r_macarena.seq	16
953	macarena	cork_screw_macarena.seq	16
954	macarena	corset_nightshade_macarena.seq	16
955	macarena	dive_flick_macarena.seq	16
956	macarena	eyeliner_macarena.seq	16
957	macarena	finishing_move_macarena.seq	14
958	macarena	fonzie_macarena.seq	16
959	macarena	grinding_macarena.seq	16
960	macarena	hop_4_ways_macarena.seq	16
961	macarena	hop_scotch_tap_l_macarena.seq	16
962	macarena	hop_scotch_tap_r_macarena.seq	16
963	macarena	jumpy_fan_macarena.seq	16
964	macarena	latina_macarena.seq	16
965	macarena	macarena_1_macarena.seq	16
966	macarena	macarena_2_macarena.seq	16
967	macarena	macarena_3_macarena.seq	16
968	macarena	macarena_4_macarena.seq	16
969	macarena	no_no_foot_chug_macarena.seq	16
970	macarena	pull_down_cross_macarena.seq	16
971	macarena	r_single_salsa_macarena.seq	16
972	macarena	really_sit_macarena.seq	16
973	macarena	shade_b_tch_macarena.seq	16
974	macarena	shimmy_feet_macarena.seq	16
975	macarena	sneaky_laugh_macarena.seq	16
976	macarena	so_fly_macarena.seq	16
977	macarena	spirit_fingers_bootay_shake_macarena.seq	16
978	macarena	stanky_leg_dawn_roll_raise_clap_macarena.seq	16
979	macarena	wiggle_clap_up_macarena.seq	16
980	mocapbpm115	broadway_mocapbpm115.seq	16
981	mocapbpm115	finishing_move_mocapbpm115.seq	14
982	mocapbpm115	hands_in_the_air_mocapbpm115.seq	16
983	mocapbpm115	portrait_mocapbpm115.seq	16
984	mocapbpm115	reach_down_arms_mocapbpm115.seq	16
985	mocapbpm115	say_what_mocapbpm115.seq	16
986	mocapbpm115	step_center_and_clap_mocapbpm115.seq	16
987	mocapbpm115	swirlies_mocapbpm115.seq	16
988	mocapbpm115	woo_jab_mocapbpm115.seq	16
989	mocapbpm115	woo_mocapbpm115.seq	16
990	mocapbpm115_v2	amped_l_mocapbpm115_v2.seq	16
991	mocapbpm115_v2	back_l_mocapbpm115_v2.seq	16
992	mocapbpm115_v2	courier_mocapbpm115_v2.seq	16
993	mocapbpm115_v2	eye_spy_mocapbpm115_v2.seq	16
994	mocapbpm115_v2	headwrush_mocapbpm115_v2.seq	16
995	mocapbpm115_v2	how_we_do_mocapbpm115_v2.seq	16
996	mocapbpm115_v2	portrait_mocapbpm115_v2.seq	16
997	mocapbpm115_v2	reach_down_arms_mocapbpm115_v2.seq	16
998	mocapbpm115_v2	say_what_mocapbpm115_v2.seq	16
999	mocapbpm115_v2	select_r_mocapbpm115_v2.seq	16
1000	mocapbpm115_v2	slice_out_mocapbpm115_v2.seq	16
1001	mocapbpm115_v2	step_center_and_clap_mocapbpm115_v2.seq	16
1002	mocapbpm115_v2	ten_step_mocapbpm115_v2.seq	16
1003	mocapbpm115_v2	this_or_that_mocapbpm115_v2.seq	16
1004	mocapbpm115_v2	woo_mocapbpm115_v2.seq	16
1005	mocapbpm115_v3	blazer_mocapbpm115_v3.seq	16
1006	mocapbpm115_v3	chill_mocapbpm115_v3.seq	16
1007	mocapbpm115_v3	courier_mocapbpm115_v3.seq	16
1008	mocapbpm115_v3	crunch_r_mocapbpm115_v3.seq	16
1009	mocapbpm115_v3	gank_mocapbpm115_v3.seq	16
1010	mocapbpm115_v3	headbanger_mocapbpm115_v3.seq	16
1011	mocapbpm115_v3	hyper_r_mocapbpm115_v3.seq	16
1012	mocapbpm115_v3	no_worries_mocapbpm115_v3.seq	16
1013	mocapbpm115_v3	reach_down_arms_mocapbpm115_v3.seq	16
1014	mocapbpm115_v3	slice_out_mocapbpm115_v3.seq	16
1015	mocapbpm115_v3	striker_mocapbpm115_v3.seq	16
1016	mocapbpm115_v3	swing_clap_mocapbpm115_v3.seq	16
1017	mocapbpm115_v3	tell_em_r_mocapbpm115_v3.seq	16
1018	mocapbpm115_v3	ten_step_mocapbpm115_v3.seq	16
1019	mocapbpm115_v3	woo_jab_mocapbpm115_v3.seq	16
1020	mocapbpm137	broadway_mocapbpm137.seq	16
1021	mocapbpm137	hands_in_the_air_mocapbpm137.seq	16
1022	mocapbpm137	portrait_mocapbpm137.seq	16
1023	mocapbpm137	reach_down_arms_mocapbpm137.seq	16
1024	mocapbpm137	say_what_mocapbpm137.seq	16
1025	mocapbpm137	step_center_and_clap_mocapbpm137.seq	16
1026	mocapbpm137	swirlies_mocapbpm137.seq	16
1027	mocapbpm137	woo_jab_mocapbpm137.seq	16
1028	mocapbpm137	woo_mocapbpm137.seq	16
1029	mocapbpm137_v2	amped_l_mocapbpm137_v2.seq	16
1030	mocapbpm137_v2	back_l_mocapbpm137_v2.seq	16
1031	mocapbpm137_v2	courier_mocapbpm137_v2.seq	16
1032	mocapbpm137_v2	eye_spy_mocapbpm137_v2.seq	16
1033	mocapbpm137_v2	headwrush_mocapbpm137_v2.seq	16
1034	mocapbpm137_v2	how_we_do_mocapbpm137_v2.seq	16
1035	mocapbpm137_v2	portrait_mocapbpm137_v2.seq	16
1036	mocapbpm137_v2	reach_down_arms_mocapbpm137_v2.seq	16
1037	mocapbpm137_v2	say_what_mocapbpm137_v2.seq	16
1038	mocapbpm137_v2	select_r_mocapbpm137_v2.seq	16
1039	mocapbpm137_v2	slice_out_mocapbpm137_v2.seq	16
1040	mocapbpm137_v2	step_center_and_clap_mocapbpm137_v2.seq	16
1041	mocapbpm137_v2	ten_step_mocapbpm137_v2.seq	16
1042	mocapbpm137_v2	this_or_that_mocapbpm137_v2.seq	16
1043	mocapbpm137_v2	woo_mocapbpm137_v2.seq	16
1044	mocapbpm137_v3	blazer_mocapbpm137_v3.seq	16
1045	mocapbpm137_v3	chill_mocapbpm137_v3.seq	16
1046	mocapbpm137_v3	courier_mocapbpm137_v3.seq	16
1047	mocapbpm137_v3	crunch_r_mocapbpm137_v3.seq	16
1048	mocapbpm137_v3	gank_mocapbpm137_v3.seq	16
1049	mocapbpm137_v3	headbanger_mocapbpm137_v3.seq	16
1050	mocapbpm137_v3	hyper_r_mocapbpm137_v3.seq	16
1051	mocapbpm137_v3	no_worries_mocapbpm137_v3.seq	16
1052	mocapbpm137_v3	reach_down_arms_mocapbpm137_v3.seq	16
1053	mocapbpm137_v3	slice_out_mocapbpm137_v3.seq	16
1054	mocapbpm137_v3	striker_mocapbpm137_v3.seq	16
1055	mocapbpm137_v3	swing_clap_mocapbpm137_v3.seq	16
1056	mocapbpm137_v3	tell_em_r_mocapbpm137_v3.seq	16
1057	mocapbpm137_v3	ten_step_mocapbpm137_v3.seq	16
1058	mocapbpm137_v3	woo_jab_mocapbpm137_v3.seq	16
1059	mocapbpm93	broadway_mocapbpm93.seq	16
1060	mocapbpm93	hands_in_the_air_mocapbpm93.seq	16
1061	mocapbpm93	portrait_mocapbpm93.seq	16
1062	mocapbpm93	reach_down_arms_mocapbpm93.seq	16
1063	mocapbpm93	say_what_mocapbpm93.seq	16
1064	mocapbpm93	step_center_and_clap_mocapbpm93.seq	16
1065	mocapbpm93	swirlies_mocapbpm93.seq	16
1066	mocapbpm93	woo_jab_mocapbpm93.seq	16
1067	mocapbpm93	woo_mocapbpm93.seq	16
1068	mocapbpm93_v2	amped_l_mocapbpm93_v2.seq	16
1069	mocapbpm93_v2	back_l_mocapbpm93_v2.seq	16
1070	mocapbpm93_v2	courier_mocapbpm93_v2.seq	16
1071	mocapbpm93_v2	eye_spy_mocapbpm93_v2.seq	16
1072	mocapbpm93_v2	finishing_move_mocapbpm93_v2.seq	14
1073	mocapbpm93_v2	headwrush_mocapbpm93_v2.seq	16
1074	mocapbpm93_v2	how_we_do_mocapbpm93_v2.seq	16
1075	mocapbpm93_v2	portrait_mocapbpm93_v2.seq	16
1076	mocapbpm93_v2	reach_down_arms_mocapbpm93_v2.seq	16
1077	mocapbpm93_v2	say_what_mocapbpm93_v2.seq	16
1078	mocapbpm93_v2	select_r_mocapbpm93_v2.seq	16
1079	mocapbpm93_v2	slice_out_mocapbpm93_v2.seq	16
1080	mocapbpm93_v2	step_center_and_clap_mocapbpm93_v2.seq	16
1081	mocapbpm93_v2	ten_step_mocapbpm93_v2.seq	16
1082	mocapbpm93_v2	this_or_that_mocapbpm93_v2.seq	16
1083	mocapbpm93_v2	woo_mocapbpm93_v2.seq	16
1084	mocapbpm93_v3	blazer_mocapbpm93_v3.seq	16
1085	mocapbpm93_v3	chill_mocapbpm93_v3.seq	16
1086	mocapbpm93_v3	courier_mocapbpm93_v3.seq	16
1087	mocapbpm93_v3	crunch_r_mocapbpm93_v3.seq	16
1088	mocapbpm93_v3	gank_mocapbpm93_v3.seq	16
1089	mocapbpm93_v3	headbanger_mocapbpm93_v3.seq	16
1090	mocapbpm93_v3	hyper_r_mocapbpm93_v3.seq	16
1091	mocapbpm93_v3	no_worries_mocapbpm93_v3.seq	16
1092	mocapbpm93_v3	reach_down_arms_mocapbpm93_v3.seq	16
1093	mocapbpm93_v3	slice_out_mocapbpm93_v3.seq	16
1094	mocapbpm93_v3	striker_mocapbpm93_v3.seq	16
1095	mocapbpm93_v3	swing_clap_mocapbpm93_v3.seq	16
1096	mocapbpm93_v3	tell_em_r_mocapbpm93_v3.seq	16
1097	mocapbpm93_v3	ten_step_mocapbpm93_v3.seq	16
1098	mocapbpm93_v3	woo_jab_mocapbpm93_v3.seq	16
1099	moveslikejagger	alcoholic_moveslikejagger.seq	16
1100	moveslikejagger	collar_poppin_moveslikejagger.seq	16
1101	moveslikejagger	deep_inside_l_moveslikejagger.seq	16
1102	moveslikejagger	deep_inside_r_moveslikejagger.seq	16
1103	moveslikejagger	dont_care_moveslikejagger.seq	16
1104	moveslikejagger	drummy_moveslikejagger.seq	16
1105	moveslikejagger	ease_up_moveslikejagger.seq	16
1106	moveslikejagger	explode_moveslikejagger.seq	16
1107	moveslikejagger	feel_me_l_moveslikejagger.seq	16
1108	moveslikejagger	feel_me_r_moveslikejagger.seq	16
1109	moveslikejagger	find_your_heart_moveslikejagger.seq	16
1110	moveslikejagger	finishing_move_moveslikejagger.seq	14
1111	moveslikejagger	frustration_moveslikejagger.seq	16
1112	moveslikejagger	get_your_eagle_on_down_moveslikejagger.seq	16
1113	moveslikejagger	get_your_eagle_on_up_moveslikejagger.seq	16
1114	moveslikejagger	girly_alcoholic_moveslikejagger.seq	16
1115	moveslikejagger	girly_alcoholic_snatch_moveslikejagger.seq	16
1116	moveslikejagger	gotcha_moveslikejagger.seq	16
1117	moveslikejagger	happy_day_moveslikejagger.seq	16
1118	moveslikejagger	he_man_l_moveslikejagger.seq	16
1119	moveslikejagger	he_man_r_moveslikejagger.seq	16
1120	moveslikejagger	hip_hopscotch_moveslikejagger.seq	16
1121	moveslikejagger	hot_stuff_1_moveslikejagger.seq	16
1122	moveslikejagger	hot_stuff_2_moveslikejagger.seq	16
1123	moveslikejagger	ignition_moveslikejagger.seq	16
1124	moveslikejagger	ja_house_1_moveslikejagger.seq	16
1125	moveslikejagger	ja_house_2_moveslikejagger.seq	16
1126	moveslikejagger	jazz_square_moveslikejagger.seq	16
1127	moveslikejagger	lunatic_moveslikejagger.seq	16
1128	moveslikejagger	marching_band_down_moveslikejagger.seq	16
1129	moveslikejagger	marching_band_up_moveslikejagger.seq	16
1130	moveslikejagger	mj_l_moveslikejagger.seq	16
1131	moveslikejagger	mj_r_moveslikejagger.seq	16
1132	moveslikejagger	model_walk_l_moveslikejagger.seq	16
1133	moveslikejagger	moves_like_jagger_both_moveslikejagger.seq	16
1134	moveslikejagger	moves_like_jagger_l_moveslikejagger.seq	16
1135	moveslikejagger	moves_like_jagger_r_moveslikejagger.seq	16
1136	moveslikejagger	muscle_man_moveslikejagger.seq	16
1137	moveslikejagger	parallel_park_moveslikejagger.seq	16
1138	moveslikejagger	pose_moveslikejagger.seq	16
1139	moveslikejagger	prep_spin_reverse_roll_moveslikejagger.seq	16
1140	moveslikejagger	rodeo_r_moveslikejagger.seq	16
1141	moveslikejagger	run_up_on_you_moveslikejagger.seq	16
1142	moveslikejagger	sexy_time_moveslikejagger.seq	16
1143	moveslikejagger	she_wants_it_moveslikejagger.seq	16
1144	moveslikejagger	shifting_gear_l_moveslikejagger.seq	16
1145	moveslikejagger	shifting_gear_r_moveslikejagger.seq	16
1146	moveslikejagger	snaps_moveslikejagger.seq	16
1147	moveslikejagger	stand_your_ground_moveslikejagger.seq	16
1148	moveslikejagger	standing_wheelchair_l_moveslikejagger.seq	16
1149	moveslikejagger	standing_wheelchair_r_moveslikejagger.seq	16
1150	moveslikejagger	step_off_l_moveslikejagger.seq	16
1151	moveslikejagger	step_off_r_moveslikejagger.seq	16
1152	moveslikejagger	stick_up_moveslikejagger.seq	16
1153	moveslikejagger	swag_shaker_moveslikejagger.seq	16
1154	moveslikejagger	wipe_me_down_moveslikejagger.seq	16
1155	moveslikejagger	xd_out_moveslikejagger.seq	16
1156	moveslikejagger	yeah_x3_moveslikejagger.seq	16
1157	mrsaxobeat	brit_pumps_mrsaxobeat.seq	16
1158	mrsaxobeat	butter_slide_mrsaxobeat.seq	16
1159	mrsaxobeat	chest_pain_mrsaxobeat.seq	16
1160	mrsaxobeat	cross_pump_mrsaxobeat.seq	16
1161	mrsaxobeat	dirty_slut_mrsaxobeat.seq	16
1162	mrsaxobeat	finishing_move_mrsaxobeat.seq	14
1163	mrsaxobeat	go_deep_mrsaxobeat.seq	16
1164	mrsaxobeat	heel_break_mrsaxobeat.seq	16
1165	mrsaxobeat	heel_grinder_mrsaxobeat.seq	16
1166	mrsaxobeat	hey_u_mrsaxobeat.seq	16
1167	mrsaxobeat	hip_freak_mrsaxobeat.seq	16
1168	mrsaxobeat	hip_placement_mrsaxobeat.seq	16
1169	mrsaxobeat	i_need_it_mrsaxobeat.seq	16
1170	mrsaxobeat	joy_ride_2_mrsaxobeat.seq	16
1171	mrsaxobeat	joy_ride_mrsaxobeat.seq	16
1172	mrsaxobeat	kick_step_back_mrsaxobeat.seq	16
1173	mrsaxobeat	lil_ol_me_mrsaxobeat.seq	16
1174	mrsaxobeat	moment_mrsaxobeat.seq	16
1175	mrsaxobeat	princess_snap_l_mrsaxobeat.seq	16
1176	mrsaxobeat	princess_snap_r_mrsaxobeat.seq	16
1177	mrsaxobeat	rotate_mrsaxobeat.seq	16
1178	mrsaxobeat	sexiness_mrsaxobeat.seq	16
1179	mrsaxobeat	slow_pull_mrsaxobeat.seq	16
1180	mrsaxobeat	spaztick_mrsaxobeat.seq	16
1181	mrsaxobeat	turn_and_trix_mrsaxobeat.seq	16
1182	mrsaxobeat	turn_it_back_mrsaxobeat.seq	16
1183	mrsaxobeat	undercover_freak_mrsaxobeat.seq	16
1184	mrsaxobeat	wait_4_it_mrsaxobeat.seq	16
1185	nowthatwefoundlove	bash_that_nowthatwefoundlove.seq	16
1186	nowthatwefoundlove	big_daddy_l_nowthatwefoundlove.seq	16
1187	nowthatwefoundlove	big_daddy_r_nowthatwefoundlove.seq	16
1188	nowthatwefoundlove	brush_tap_shuffle_l_nowthatwefoundlove.seq	16
1189	nowthatwefoundlove	brush_tap_shuffle_r_nowthatwefoundlove.seq	16
1190	nowthatwefoundlove	do_the_right_thing_l_nowthatwefoundlove.seq	16
1191	nowthatwefoundlove	do_the_right_thing_r_nowthatwefoundlove.seq	16
1192	nowthatwefoundlove	dum_dum_diddley_dee_nowthatwefoundlove.seq	16
1193	nowthatwefoundlove	finishing_move_nowthatwefoundlove.seq	14
1194	nowthatwefoundlove	flex_nowthatwefoundlove.seq	16
1195	nowthatwefoundlove	foot_swap_l_nowthatwefoundlove.seq	16
1196	nowthatwefoundlove	foot_swap_r_nowthatwefoundlove.seq	16
1197	nowthatwefoundlove	ham_that_nowthatwefoundlove.seq	16
1198	nowthatwefoundlove	heavy_d_nowthatwefoundlove.seq	16
1199	nowthatwefoundlove	hit_wonder_nowthatwefoundlove.seq	16
1200	nowthatwefoundlove	house_tap_nowthatwefoundlove.seq	16
1201	nowthatwefoundlove	loom_nowthatwefoundlove.seq	16
1202	nowthatwefoundlove	mary_j_l_nowthatwefoundlove.seq	16
1203	nowthatwefoundlove	mary_j_r_nowthatwefoundlove.seq	16
1204	nowthatwefoundlove	minicopter_nowthatwefoundlove.seq	16
1205	nowthatwefoundlove	mookie_nowthatwefoundlove.seq	16
1206	nowthatwefoundlove	niece_nowthatwefoundlove.seq	16
1207	nowthatwefoundlove	propeller_lean_l_nowthatwefoundlove.seq	16
1208	nowthatwefoundlove	propeller_lean_r_nowthatwefoundlove.seq	16
1209	nowthatwefoundlove	ripple_out_lr_nowthatwefoundlove.seq	16
1210	nowthatwefoundlove	rosie_nowthatwefoundlove.seq	16
1211	nowthatwefoundlove	shoulder_pop_l_nowthatwefoundlove.seq	16
1212	nowthatwefoundlove	shoulder_pop_r_nowthatwefoundlove.seq	16
1213	nowthatwefoundlove	side_rodeo_l_nowthatwefoundlove.seq	16
1214	nowthatwefoundlove	side_rodeo_r_nowthatwefoundlove.seq	16
1215	nowthatwefoundlove	skate_nowthatwefoundlove.seq	16
1216	nowthatwefoundlove	skeleton_shake_nowthatwefoundlove.seq	16
1217	nowthatwefoundlove	tornado_nowthatwefoundlove.seq	16
1218	nowthatwefoundlove	velvet_nowthatwefoundlove.seq	16
1219	nowthatwefoundlove	which_is_it_nowthatwefoundlove.seq	16
1220	nowthatwefoundlove	x_it_out_nowthatwefoundlove.seq	16
1221	omg	arms_cross_r_reach_omg.seq	16
1222	omg	atl_l_omg.seq	16
1223	omg	atl_r_omg.seq	16
1224	omg	big_heart_omg.seq	16
1225	omg	brim_strokers_omg.seq	16
1226	omg	cherry_picker_omg.seq	16
1227	omg	cigar_pull_omg.seq	16
1228	omg	cross_jump_look_out_omg.seq	16
1229	omg	cross_jump_neck_roll_omg.seq	16
1230	omg	crowd_jump_omg.seq	16
1231	omg	double_dutch_start_l_omg.seq	16
1232	omg	finger_roll_omg.seq	16
1233	omg	finishing_move_omg.seq	14
1234	omg	flex_o_twist_omg.seq	16
1235	omg	flick_your_ashes_omg.seq	16
1236	omg	flii_stylez_2_omg.seq	16
1237	omg	flii_stylez_omg.seq	16
1238	omg	flii_stylez_slow_omg.seq	16
1239	omg	get_suited_omg.seq	16
1240	omg	goof_troop_omg.seq	16
1241	omg	haircomb_omg.seq	16
1242	omg	hammer_hitter_omg.seq	16
1243	omg	head_to_toes_omg.seq	16
1244	omg	hold_and_swipe_omg.seq	16
1245	omg	house_kick_draw_up_omg.seq	16
1246	omg	hypnosis_l_omg.seq	16
1247	omg	hypnosis_r_omg.seq	16
1248	omg	inner_stuggele_omg.seq	16
1249	omg	jamals_muscles_omg.seq	16
1250	omg	jump_lean_l_omg.seq	16
1251	omg	jump_lean_r_omg.seq	16
1252	omg	kick_arm_cross_oh_salute_omg.seq	16
1253	omg	kid_n_play_l_omg.seq	16
1254	omg	kid_n_play_r_omg.seq	16
1255	omg	let_the_beat_drop_omg.seq	16
1256	omg	look_up_in_the_sky_omg.seq	16
1257	omg	marvels_omg.seq	16
1258	omg	monkey_grab_omg.seq	16
1259	omg	oh_x3_l_omg.seq	16
1260	omg	oh_x3_r_omg.seq	16
1261	omg	piano_player_omg.seq	16
1262	omg	protect_yourself_spin_press_omg.seq	16
1263	omg	pull_around_l_r_omg.seq	16
1264	omg	pull_in_dove_release_omg.seq	16
1265	omg	scream_out_loud_l_omg.seq	16
1266	omg	shoot_and_body_roll_omg.seq	16
1267	omg	shoot_ball_change_head_whip_omg.seq	16
1268	omg	speak_no_evil_omg.seq	16
1269	omg	spin_press_omg.seq	16
1270	omg	squat_jump_hold_stand_straight_omg.seq	16
1271	omg	squat_jump_move_out_of_the_way_omg.seq	16
1272	omg	step_clap_l_omg.seq	16
1273	omg	step_clap_r_omg.seq	16
1274	omg	step_clap_reverse_omg.seq	16
1275	omg	stylin_on_em_omg.seq	16
1276	omg	sunup_sundown_omg.seq	16
1277	omg	sushi_omg.seq	16
1278	omg	swipe_lr_omg.seq	16
1279	omg	the_bojangle_copter_omg.seq	16
1280	omg	the_bow_omg.seq	16
1281	omg	the_heel_reach_pull_back_fakeout_run_omg.seq	16
1282	omg	the_oh_salute_omg.seq	16
1283	omg	ts_scissor_omg.seq	16
1284	omg	twist_o_flex_omg.seq	16
1285	omg	u_r_glory_omg.seq	16
1286	omg	u_r_slop_l_omg.seq	16
1287	omg	u_r_slop_r_omg.seq	16
1288	omg	u_r_tnt_omg.seq	16
1289	omg	ur_iconic_omg.seq	16
1290	onthefloor	_1_2_3_punch_l_onthefloor.seq	16
1291	onthefloor	_1_2_3_punch_r_onthefloor.seq	16
1292	onthefloor	allure_onthefloor.seq	16
1293	onthefloor	back_up_bouncer_onthefloor.seq	16
1294	onthefloor	big_titty_t_onthefloor.seq	16
1295	onthefloor	booty_drum_onthefloor.seq	16
1296	onthefloor	bouncer_booty_thumbs_up_onthefloor.seq	16
1297	onthefloor	chimichanga_onthefloor.seq	16
1298	onthefloor	corkscrew_step_onthefloor.seq	16
1299	onthefloor	dog_whip_onthefloor.seq	16
1300	onthefloor	donka_booty_onthefloor.seq	16
1301	onthefloor	elevate_your_rock_onthefloor.seq	16
1302	onthefloor	fan_it_out_onthefloor.seq	16
1303	onthefloor	finishing_move_onthefloor.seq	14
1304	onthefloor	flex_onthefloor.seq	16
1305	onthefloor	flex_up_onthefloor.seq	16
1306	onthefloor	genie_kick_onthefloor.seq	16
1307	onthefloor	genie_shuffle_onthefloor.seq	16
1308	onthefloor	i_wanna_slam_u_onthefloor.seq	16
1309	onthefloor	jugular_onthefloor.seq	16
1310	onthefloor	latina_onthefloor.seq	16
1311	onthefloor	long_stretch_l_onthefloor.seq	16
1312	onthefloor	long_stretch_r_onthefloor.seq	16
1313	onthefloor	luxurious_slide_and_clap_onthefloor.seq	16
1314	onthefloor	move_your_chest_onthefloor.seq	16
1315	onthefloor	nope_step_onthefloor.seq	16
1316	onthefloor	poke_it_out_onthefloor.seq	16
1317	onthefloor	punchy_onthefloor.seq	16
1318	onthefloor	retardo_foster_jr_onthefloor.seq	16
1319	onthefloor	rock_out_onthefloor.seq	16
1320	onthefloor	sexy_chocolate_onthefloor.seq	16
1321	onthefloor	skate_onthefloor.seq	16
1322	onthefloor	smelly_nelly_onthefloor.seq	16
1323	onthefloor	stop_the_elevator_onthefloor.seq	16
1324	onthefloor	swag_rock_onthefloor.seq	16
1325	onthefloor	sweat_frenchy_onthefloor.seq	16
1326	onthefloor	sweat_it_out_onthefloor.seq	16
1327	onthefloor	torch_stomp_onthefloor.seq	16
1328	onthefloor	wazzow_onthefloor.seq	16
1329	onthefloor	whack_attack_onthefloor.seq	16
1330	onthefloor	window_dangle_onthefloor.seq	16
1331	onthefloor	youd_better_duck_onthefloor.seq	16
1332	onthefloor	youre_a_jerk_onthefloor.seq	16
1333	sambadejaneiro	boom_boom_sambadejaneiro.seq	16
1334	sambadejaneiro	brush_tap_l_sambadejaneiro.seq	16
1335	sambadejaneiro	brush_tap_r_sambadejaneiro.seq	16
1336	sambadejaneiro	crazy_drums_sambadejaneiro.seq	16
1337	sambadejaneiro	dbl_femme_low_sambadejaneiro.seq	16
1338	sambadejaneiro	dbl_femme_sambadejaneiro.seq	16
1339	sambadejaneiro	dbl_spin_l_sambadejaneiro.seq	16
1340	sambadejaneiro	dbl_spin_r_sambadejaneiro.seq	16
1341	sambadejaneiro	fan_yourself_sambadejaneiro.seq	16
1342	sambadejaneiro	femme_low_sambadejaneiro.seq	16
1343	sambadejaneiro	femme_sambadejaneiro.seq	16
1344	sambadejaneiro	finishing_move_sambadejaneiro.seq	14
1345	sambadejaneiro	glory_sambadejaneiro.seq	16
1346	sambadejaneiro	hummingbird_sambadejaneiro.seq	16
1347	sambadejaneiro	ice_cream_sambadejaneiro.seq	16
1348	sambadejaneiro	motherland_l_sambadejaneiro.seq	16
1349	sambadejaneiro	motherland_r_sambadejaneiro.seq	16
1350	sambadejaneiro	plead_l_sambadejaneiro.seq	16
1351	sambadejaneiro	plead_r_sambadejaneiro.seq	16
1352	sambadejaneiro	pose_and_laugh_sambadejaneiro.seq	16
1353	sambadejaneiro	pose_sambadejaneiro.seq	16
1354	sambadejaneiro	pump_sambadejaneiro.seq	16
1355	sambadejaneiro	rise_sambadejaneiro.seq	16
1356	sambadejaneiro	run_step_sambadejaneiro.seq	16
1357	sambadejaneiro	scoops_l_sambadejaneiro.seq	16
1358	sambadejaneiro	scoops_r_sambadejaneiro.seq	16
1359	sambadejaneiro	set_sambadejaneiro.seq	16
1360	sambadejaneiro	shimmy_sambadejaneiro.seq	16
1361	sambadejaneiro	shoe_shake_l_sambadejaneiro.seq	16
1362	sambadejaneiro	shoe_shake_r_sambadejaneiro.seq	16
1363	sambadejaneiro	slow_pump_sambadejaneiro.seq	16
1364	sambadejaneiro	slower_pump_sambadejaneiro.seq	16
1365	sambadejaneiro	spin_l_sambadejaneiro.seq	16
1366	sambadejaneiro	spin_r_sambadejaneiro.seq	16
1367	scream	angles_scream.seq	16
1368	scream	arms_up_point_lr_scream.seq	16
1369	scream	clutch_flick_lr_scream.seq	16
1370	scream	curls_scream.seq	16
1371	scream	curls_scream_out_scream.seq	16
1372	scream	emanate_scream.seq	16
1373	scream	finishing_move_scream.seq	14
1374	scream	headscan_scream.seq	16
1375	scream	heavy_drinking_scream.seq	16
1376	scream	just_one_rl_scream.seq	16
1377	scream	lean_low_l_and_throw_scream.seq	16
1378	scream	lean_low_l_scream.seq	16
1379	scream	lean_low_r_and_throw_scream.seq	16
1380	scream	lean_low_r_scream.seq	16
1381	scream	magnetic_l_scream.seq	16
1382	scream	magnetic_r_scream.seq	16
1383	scream	marco_polo_l_scream.seq	16
1384	scream	marco_polo_r_scream.seq	16
1385	scream	muscle_man_scream.seq	16
1386	scream	ovation_l_scream.seq	16
1387	scream	ovation_r_scream.seq	16
1388	scream	point_tick_down_l1_scream.seq	16
1389	scream	point_tick_down_l2_scream.seq	16
1390	scream	point_tick_down_r1_scream.seq	16
1391	scream	point_tick_down_r2_scream.seq	16
1392	scream	point_to_self_twice_scream.seq	16
1393	scream	reach_out_rl_scream.seq	16
1394	scream	rock_and_reset_l_scream.seq	16
1395	scream	rock_and_reset_r_scream.seq	16
1396	scream	rock_and_switch_l_scream.seq	16
1397	scream	rock_and_switch_r_scream.seq	16
1398	scream	rr_trek_scream.seq	16
1399	scream	scream_l_scream.seq	16
1400	scream	scream_r_scream.seq	16
1401	scream	spin_r_ll_scream.seq	16
1402	scream	step_up_scream.seq	16
1403	scream	stereo_scream.seq	16
1404	scream	toyrs_r_up_2_scream.seq	16
1405	scream	toys_r_up_1_scream.seq	16
1406	scream	trek_scream.seq	16
1407	scream	twist_my_arm_scream.seq	16
1408	sexyandiknowit	air_pump_c_sexyandiknowit.seq	16
1409	sexyandiknowit	air_pump_l_sexyandiknowit.seq	16
1410	sexyandiknowit	air_pump_r_sexyandiknowit.seq	16
1411	sexyandiknowit	animal_sexyandiknowit.seq	16
1412	sexyandiknowit	arms_out_sexyandiknowit.seq	16
1413	sexyandiknowit	around_the_head_spank_sexyandiknowit.seq	16
1414	sexyandiknowit	ashanti_sexyandiknowit.seq	16
1415	sexyandiknowit	beyonce_sexyandiknowit.seq	16
1416	sexyandiknowit	body_l_sexyandiknowit.seq	16
1417	sexyandiknowit	body_roll_sexyandiknowit.seq	16
1418	sexyandiknowit	can_can_girl_sexyandiknowit.seq	16
1419	sexyandiknowit	fat_joe_lr_sexyandiknowit.seq	16
1420	sexyandiknowit	finishing_move_sexyandiknowit.seq	14
1421	sexyandiknowit	head_around_sexyandiknowit.seq	16
1422	sexyandiknowit	head_r_sexyandiknowit.seq	16
1423	sexyandiknowit	hopscotch_rl_sexyandiknowit.seq	16
1424	sexyandiknowit	karate_kid_sexyandiknowit.seq	16
1425	sexyandiknowit	kung_fu_rl_sexyandiknowit.seq	16
1426	sexyandiknowit	lines_sexyandiknowit.seq	16
1427	sexyandiknowit	luam_sexyandiknowit.seq	16
1428	sexyandiknowit	marine_l_sexyandiknowit.seq	16
1429	sexyandiknowit	marine_r_sexyandiknowit.seq	16
1430	sexyandiknowit	michael_sexyandiknowit.seq	16
1431	sexyandiknowit	no_she_didnt_sexyandiknowit.seq	16
1432	sexyandiknowit	pimp_stroll_sexyandiknowit.seq	16
1433	sexyandiknowit	pimp_tap_sexyandiknowit.seq	16
1434	sexyandiknowit	pose_sexyandiknowit.seq	16
1435	sexyandiknowit	present_rl_sexyandiknowit.seq	16
1436	sexyandiknowit	robot_sexyandiknowit.seq	16
1437	sexyandiknowit	sexy_walk_l_sexyandiknowit.seq	16
1438	sexyandiknowit	snap_high_snap_low_sexyandiknowit.seq	16
1439	sexyandiknowit	stab_wave_sexyandiknowit.seq	16
1440	sexyandiknowit	stripper_dance_sexyandiknowit.seq	16
1441	sexyandiknowit	swag_low_sexyandiknowit.seq	16
1442	sexyandiknowit	swagggggggg_sexyandiknowit.seq	16
1443	sexyandiknowit	take_it_off_sexyandiknowit.seq	16
1444	sexyandiknowit	taps_sexyandiknowit.seq	16
1445	sexyandiknowit	the_village_sexyandiknowit.seq	16
1446	sexyandiknowit	turn_up_the_music_sexyandiknowit.seq	16
1447	sexyandiknowit	wiggle_front_birdie_sexyandiknowit.seq	16
1448	sexyandiknowit	wiggle_front_sexyandiknowit.seq	16
1449	sexyandiknowit	wiggle_l_birdie_sexyandiknowit.seq	16
1450	sexyandiknowit	wiggle_l_sexyandiknowit.seq	16
1451	sexyandiknowit	wiggle_r_birdie_sexyandiknowit.seq	16
1452	sexyandiknowit	wiggle_r_sexyandiknowit.seq	16
1453	sexyandiknowit	window_sexyandiknowit.seq	16
1454	sexyandiknowit	x_sexyandiknowit.seq	16
1455	sexyandiknowit	xena_warrior_princess_sexyandiknowit.seq	16
1456	starships	checks_starships.seq	16
1457	starships	collar_rl_starships.seq	16
1458	starships	dance_dance_starships.seq	16
1459	starships	drive_starships.seq	16
1460	starships	elbow_fb_starships.seq	16
1461	starships	finishing_move_starships.seq	14
1462	starships	fist_throw_starships.seq	16
1463	starships	fly_l_starships.seq	16
1464	starships	fly_r_starships.seq	16
1465	starships	gymming_fb_starships.seq	16
1466	starships	gymming_rl_starships.seq	16
1467	starships	hulk_l_starships.seq	16
1468	starships	hulk_r_starships.seq	16
1469	starships	kay_and_jay_starships.seq	16
1470	starships	nayko_starships.seq	16
1471	starships	open_a_window_starships.seq	16
1472	starships	party_pump_starships.seq	16
1473	starships	pump_point_l_starships.seq	16
1474	starships	pump_point_r_starships.seq	16
1475	starships	raise_the_roof_starships.seq	16
1476	starships	scream_l_starships.seq	16
1477	starships	scream_r_starships.seq	16
1478	starships	shawanda_starships.seq	16
1479	starships	sidekicks_starships.seq	16
1480	starships	sneaker_starships.seq	16
1481	starships	starships_l_starships.seq	16
1482	starships	starships_r_starships.seq	16
1483	starships	switch_blades_starships.seq	16
1484	starships	the_nicki_starships.seq	16
1485	starships	tick_tock_starships.seq	16
1486	starships	tightrope_low_starships.seq	16
1487	starships	twinkle_twinkle_starships.seq	16
1488	starships	watch_your_face_starships.seq	16
1489	starships	wop_l_starships.seq	16
1490	starships	wop_r_starships.seq	16
1491	stereolove	baby_baby_stereolove.seq	16
1492	stereolove	barreto_switch_stereolove.seq	16
1493	stereolove	broken_comfort_stereolove.seq	16
1494	stereolove	butter_slide_stereolove.seq	16
1495	stereolove	chaos_stereolove.seq	16
1496	stereolove	chase_stereolove.seq	16
1497	stereolove	chest_drop_stereolove.seq	16
1498	stereolove	chest_pop_stereolove.seq	16
1499	stereolove	disfunction_stereolove.seq	16
1500	stereolove	finishing_move_stereolove.seq	14
1501	stereolove	hang_man_stereolove.seq	16
1502	stereolove	in_skate_stereolove.seq	16
1503	stereolove	jacky_stereolove.seq	16
1504	stereolove	kick_step_back_stereolove.seq	16
1505	stereolove	kick_swing_stereolove.seq	16
1506	stereolove	liquid_soul_stereolove.seq	16
1507	stereolove	long_stretch_stereolove.seq	16
1508	stereolove	merengue_stereolove.seq	16
1509	stereolove	picture_frames_stereolove.seq	16
1510	stereolove	potluck_stereolove.seq	16
1511	stereolove	pull_away_stereolove.seq	16
1512	stereolove	round_and_round_stereolove.seq	16
1513	stereolove	salsero_stereolove.seq	16
1514	stereolove	side_bounce_stereolove.seq	16
1515	stereolove	side_view_stereolove.seq	16
1516	stereolove	skip_trip_stereolove.seq	16
1517	stereolove	sky_rocket_stereolove.seq	16
1518	stereolove	sliddy_stereolove.seq	16
1519	stereolove	slide_in_stereolove.seq	16
1520	stereolove	smushy_hearty_stereolove.seq	16
1521	stereolove	so_fly_stereolove.seq	16
1522	stereolove	truffle_kicks_stereolove.seq	16
1523	supersonic	bobblehead_supersonic.seq	16
1524	supersonic	boogaloo_supersonic.seq	16
1525	supersonic	bounce_supersonic.seq	16
1526	supersonic	break_wave_in_r_supersonic.seq	16
1527	supersonic	break_wave_out_l_supersonic.seq	16
1528	supersonic	broke_bounce_supersonic.seq	16
1529	supersonic	build_up_supersonic.seq	16
1530	supersonic	cobra_supersonic.seq	16
1531	supersonic	collapsable_supersonic.seq	16
1532	supersonic	coup_passe_l_supersonic.seq	16
1533	supersonic	coup_passe_r_supersonic.seq	16
1534	supersonic	dbl_fresno_down_rl_supersonic.seq	16
1535	supersonic	diagonal_chest_pop_l_supersonic.seq	16
1536	supersonic	diagonal_chest_pop_r_supersonic.seq	16
1537	supersonic	dime_stop_l_supersonic.seq	16
1538	supersonic	dime_stop_r_supersonic.seq	16
1539	supersonic	dynamo_supersonic.seq	16
1540	supersonic	elevator_supersonic.seq	16
1541	supersonic	finishing_move_supersonic.seq	14
1542	supersonic	flip_the_egg_supersonic.seq	16
1543	supersonic	frankenbot_supersonic.seq	16
1544	supersonic	giant_robot_arms_supersonic.seq	16
1545	supersonic	heiroglyphics_supersonic.seq	16
1546	supersonic	johnny_5_l_supersonic.seq	16
1547	supersonic	johnny_5_r_supersonic.seq	16
1548	supersonic	mammogram_supersonic.seq	16
1549	supersonic	marionette_supersonic.seq	16
1550	supersonic	milk_the_cow_supersonic.seq	16
1551	supersonic	move_it_over_l_supersonic.seq	16
1552	supersonic	move_it_over_r_supersonic.seq	16
1553	supersonic	pinnochio_supersonic.seq	16
1554	supersonic	pop_and_fly_supersonic.seq	16
1555	supersonic	puppet_supersonic.seq	16
1556	supersonic	recoil_supersonic.seq	16
1557	supersonic	roly_poly_supersonic.seq	16
1558	supersonic	scratch_supersonic.seq	16
1559	supersonic	shrinky_dink_supersonic.seq	16
1560	supersonic	skip_to_my_lou_supersonic.seq	16
1561	supersonic	slide_off_balance_supersonic.seq	16
1562	supersonic	sounds_like_supersonic.seq	16
1563	supersonic	t_stop_supersonic.seq	16
1564	supersonic	timey_whimey_supersonic.seq	16
1565	supersonic	toe_snap_supersonic.seq	16
1566	supersonic	twisto_slide_supersonic.seq	16
1567	supersonic	walk_back_supersonic.seq	16
1568	supersonic	wave_out_supersonic.seq	16
1569	supersonic	whats_fun_supersonic.seq	16
1570	supersonic	which_a_way_supersonic.seq	16
1571	supersonic	yeahhhh_dassit_l_supersonic.seq	16
1572	supersonic	yeahhhh_dassit_r_supersonic.seq	16
1573	takeovercontrol	always_takeovercontrol.seq	16
1574	takeovercontrol	and_im_almost_done_takeovercontrol.seq	16
1575	takeovercontrol	britney_throw_takeovercontrol.seq	16
1576	takeovercontrol	caddy_low_l_takeovercontrol.seq	16
1577	takeovercontrol	caddy_low_r_takeovercontrol.seq	16
1578	takeovercontrol	car_takeovercontrol.seq	16
1579	takeovercontrol	cheerleader_takeovercontrol.seq	16
1580	takeovercontrol	clap_down_takeovercontrol.seq	16
1581	takeovercontrol	control_l_takeovercontrol.seq	16
1582	takeovercontrol	control_r_takeovercontrol.seq	16
1583	takeovercontrol	dance_movie_takeovercontrol.seq	16
1584	takeovercontrol	drive_takeovercontrol.seq	16
1585	takeovercontrol	far_takeovercontrol.seq	16
1586	takeovercontrol	finishing_move_takeovercontrol.seq	14
1587	takeovercontrol	fly_bird_get_low_takeovercontrol.seq	16
1588	takeovercontrol	fly_bird_takeovercontrol.seq	16
1589	takeovercontrol	frame_takeovercontrol.seq	16
1590	takeovercontrol	get_up_off_me_l_takeovercontrol.seq	16
1591	takeovercontrol	get_up_off_me_r_takeovercontrol.seq	16
1592	takeovercontrol	getting_jiggy_wit_it_takeovercontrol.seq	16
1593	takeovercontrol	go_go_takeovercontrol.seq	16
1594	takeovercontrol	heyyyyyyyyyyyyy_l_takeovercontrol.seq	16
1595	takeovercontrol	heyyyyyyyyyyyyy_r_takeovercontrol.seq	16
1596	takeovercontrol	house_back_takeovercontrol.seq	16
1597	takeovercontrol	housing_takeovercontrol.seq	16
1598	takeovercontrol	in_place_takeovercontrol.seq	16
1599	takeovercontrol	janet_takeovercontrol.seq	16
1600	takeovercontrol	kick_n_step_takeovercontrol.seq	16
1601	takeovercontrol	model_walk_takeovercontrol.seq	16
1602	takeovercontrol	moonrise_takeovercontrol.seq	16
1603	takeovercontrol	not_takeovercontrol.seq	16
1604	takeovercontrol	pump_it_up_takeovercontrol.seq	16
1605	takeovercontrol	push_away_takeovercontrol.seq	16
1606	takeovercontrol	ready_ok_takeovercontrol.seq	16
1607	takeovercontrol	rise_up_takeovercontrol.seq	16
1608	takeovercontrol	rock_the_house_takeovercontrol.seq	16
1609	takeovercontrol	scissors_l_takeovercontrol.seq	16
1610	takeovercontrol	scissors_r_takeovercontrol.seq	16
1611	takeovercontrol	steelo_l_takeovercontrol.seq	16
1612	takeovercontrol	step_out_takeovercontrol.seq	16
1613	takeovercontrol	take_over_takeovercontrol.seq	16
1614	takeovercontrol	watch_me_takeovercontrol.seq	16
1615	takeovercontrol	watch_the_booty_takeovercontrol.seq	16
1616	teachmehowtodougie	aaliyah_teachmehowtodougie.seq	16
1617	teachmehowtodougie	bird_teachmehowtodougie.seq	16
1618	teachmehowtodougie	blade_rl_teachmehowtodougie.seq	16
1619	teachmehowtodougie	bounce_lr_teachmehowtodougie.seq	16
1620	teachmehowtodougie	cat_daddy_low_r_teachmehowtodougie.seq	16
1621	teachmehowtodougie	cat_daddy_r_teachmehowtodougie.seq	16
1622	teachmehowtodougie	crossing_dougie_l_teachmehowtodougie.seq	16
1623	teachmehowtodougie	crossing_dougie_r_teachmehowtodougie.seq	16
1624	teachmehowtodougie	dougie_l_teachmehowtodougie.seq	16
1625	teachmehowtodougie	dougie_r_teachmehowtodougie.seq	16
1626	teachmehowtodougie	dougie_to_the_floor_teachmehowtodougie.seq	16
1627	teachmehowtodougie	drive_the_car_teachmehowtodougie.seq	16
1628	teachmehowtodougie	emt_teachmehowtodougie.seq	16
1629	teachmehowtodougie	finishing_move_teachmehowtodougie.seq	14
1630	teachmehowtodougie	get_away_teachmehowtodougie.seq	16
1631	teachmehowtodougie	grab_lr_teachmehowtodougie.seq	16
1632	teachmehowtodougie	hand_on_head_l_teachmehowtodougie.seq	16
1633	teachmehowtodougie	hand_on_head_r_teachmehowtodougie.seq	16
1634	teachmehowtodougie	hanger_teachmehowtodougie.seq	16
1635	teachmehowtodougie	have_fun_teachmehowtodougie.seq	16
1636	teachmehowtodougie	janet_2_teachmehowtodougie.seq	16
1637	teachmehowtodougie	jump_rope_teachmehowtodougie.seq	16
1638	teachmehowtodougie	ocean_lr_teachmehowtodougie.seq	16
1639	teachmehowtodougie	powerwalk_teachmehowtodougie.seq	16
1640	teachmehowtodougie	raise_up_teachmehowtodougie.seq	16
1641	teachmehowtodougie	sean_paul_teachmehowtodougie.seq	16
1642	teachmehowtodougie	smooth_teachmehowtodougie.seq	16
1643	teachmehowtodougie	strongman_teachmehowtodougie.seq	16
1644	teachmehowtodougie	walk_it_out_teachmehowtodougie.seq	16
1645	teachmehowtodougie	whirlwind_teachmehowtodougie.seq	16
1646	teachmehowtodougie	wind_up_teachmehowtodougie.seq	16
1647	teachmehowtodougie	wristler_teachmehowtodougie.seq	16
1648	teachmehowtodougie	you_teachmehowtodougie.seq	16
1649	thehustle	_2_step_thehustle.seq	16
1650	thehustle	back_clap_l_thehustle.seq	16
1651	thehustle	back_clap_r_thehustle.seq	16
1652	thehustle	back_snap_l_thehustle.seq	16
1653	thehustle	back_snap_r_thehustle.seq	16
1654	thehustle	chug_forward_l_thehustle.seq	16
1655	thehustle	chug_forward_r_thehustle.seq	16
1656	thehustle	disco_points_l_thehustle.seq	16
1657	thehustle	disco_points_r_thehustle.seq	16
1658	thehustle	finishing_move_thehustle.seq	14
1659	thehustle	front_clap_l_thehustle.seq	16
1660	thehustle	front_clap_r_thehustle.seq	16
1661	thehustle	golly_gee_l_thehustle.seq	16
1662	thehustle	golly_gee_r_thehustle.seq	16
1663	thehustle	hit_it_thehustle.seq	16
1664	thehustle	jolly_l_thehustle.seq	16
1665	thehustle	jolly_r_thehustle.seq	16
1666	thehustle	rollies_thehustle.seq	16
1667	thehustle	round_hit_it_thehustle.seq	16
1668	thehustle	slither_l_thehustle.seq	16
1669	thehustle	slither_r_thehustle.seq	16
1670	thehustle	snake_thehustle.seq	16
1671	thehustle	t_bump_thehustle.seq	16
1672	thehustle	test_the_water_l_thehustle.seq	16
1673	thehustle	test_the_water_r_thehustle.seq	16
1674	thehustle	tri_toe_l_thehustle.seq	16
1675	thehustle	tri_toe_r_thehustle.seq	16
1676	thehustle	twisted_disco_thehustle.seq	16
1677	turnthebeataround	_2_step_turnthebeataround.seq	16
1678	turnthebeataround	back_it_up_l_turnthebeataround.seq	16
1679	turnthebeataround	back_it_up_r_turnthebeataround.seq	16
1680	turnthebeataround	banjee_turnthebeataround.seq	16
1681	turnthebeataround	beach_party_turnthebeataround.seq	16
1682	turnthebeataround	beauty_step_venus.seq	16
1683	turnthebeataround	chasse_turnthebeataround.seq	16
1684	turnthebeataround	clutch_kicks_turnthebeataround.seq	16
1685	turnthebeataround	conga_turnthebeataround.seq	16
1686	turnthebeataround	cross_kicks_turnthebeataround.seq	16
1687	turnthebeataround	cross_snatch_turnthebeataround.seq	16
1688	turnthebeataround	cutesie_turnthebeataround.seq	16
1689	turnthebeataround	downtown_turnthebeataround.seq	16
1690	turnthebeataround	finishing_move_turnthebeataround.seq	14
1691	turnthebeataround	flip_over_turnthebeataround.seq	16
1692	turnthebeataround	gritts_turnthebeataround.seq	16
1693	turnthebeataround	hold_it_turnthebeataround.seq	16
1694	turnthebeataround	horns_turnthebeataround.seq	16
1695	turnthebeataround	overhead_turnthebeataround.seq	16
1696	turnthebeataround	punches_turnthebeataround.seq	16
1697	turnthebeataround	roll_snap_turnthebeataround.seq	16
1698	turnthebeataround	rolling_conga_turnthebeataround.seq	16
1699	turnthebeataround	round_and_hey_turnthebeataround.seq	16
1700	turnthebeataround	rounds_turnthebeataround.seq	16
1701	turnthebeataround	shimmie_turnthebeataround.seq	16
1702	turnthebeataround	side_snaps_turnthebeataround.seq	16
1703	turnthebeataround	slither_turnthebeataround.seq	16
1704	turnthebeataround	smooth_snap_turnthebeataround.seq	16
1705	turnthebeataround	smooth_snap_venus.seq	16
1706	turnthebeataround	soft_guitar_turnthebeataround.seq	16
1707	turnthebeataround	syncascratch_turnthebeataround.seq	16
1708	turnthebeataround	tat_tat_tat_turnthebeataround.seq	16
1709	turnthebeataround	wipe_and_stretch_turnthebeataround.seq	16
1710	whatdoesntkillyou	air_punching_l_whatdoesntkillyou.seq	16
1711	whatdoesntkillyou	air_punching_r_pose_whatdoesntkillyou.seq	16
1712	whatdoesntkillyou	air_punching_r_whatdoesntkillyou.seq	16
1713	whatdoesntkillyou	alone_whatdoesntkillyou.seq	16
1714	whatdoesntkillyou	blanket_whatdoesntkillyou.seq	16
1715	whatdoesntkillyou	boogie_down_l_whatdoesntkillyou.seq	16
1716	whatdoesntkillyou	box_rl_whatdoesntkillyou.seq	16
1717	whatdoesntkillyou	breakin_down_up_whatdoesntkillyou.seq	16
1718	whatdoesntkillyou	catwalk_whatdoesntkillyou.seq	16
1719	whatdoesntkillyou	come_to_mama_whatdoesntkillyou.seq	16
1720	whatdoesntkillyou	elbows_whatdoesntkillyou.seq	16
1721	whatdoesntkillyou	elvis_legs_whatdoesntkillyou.seq	16
1722	whatdoesntkillyou	fade_away_l_whatdoesntkillyou.seq	16
1723	whatdoesntkillyou	fade_away_r_whatdoesntkillyou.seq	16
1724	whatdoesntkillyou	finishing_move_whatdoesntkillyou.seq	14
1725	whatdoesntkillyou	flick_your_eyebrows_whatdoesntkillyou.seq	16
1726	whatdoesntkillyou	focus_whatdoesntkillyou.seq	16
1727	whatdoesntkillyou	get_up_off_me_son_whatdoesntkillyou.seq	16
1728	whatdoesntkillyou	gossip_whatdoesntkillyou.seq	16
1729	whatdoesntkillyou	grow_up_whatdoesntkillyou.seq	16
1730	whatdoesntkillyou	heyo_whatdoesntkillyou.seq	16
1731	whatdoesntkillyou	im_over_you_be_out_whatdoesntkillyou.seq	16
1732	whatdoesntkillyou	im_over_you_whatdoesntkillyou.seq	16
1733	whatdoesntkillyou	kick_and_drag_up_l_whatdoesntkillyou.seq	16
1734	whatdoesntkillyou	kick_and_drag_up_r_whatdoesntkillyou.seq	16
1735	whatdoesntkillyou	knee_up_side_side_whatdoesntkillyou.seq	16
1736	whatdoesntkillyou	laugh_some_more_up_up_whatdoesntkillyou.seq	16
1737	whatdoesntkillyou	laughing_whatdoesntkillyou.seq	16
1738	whatdoesntkillyou	mans_body_rl_whatdoesntkillyou.seq	16
1739	whatdoesntkillyou	march_and_leg_sweep_whatdoesntkillyou.seq	16
1740	whatdoesntkillyou	me_myself_and_i_2_whatdoesntkillyou.seq	16
1741	whatdoesntkillyou	me_myself_and_i_whatdoesntkillyou.seq	16
1742	whatdoesntkillyou	move_on_whatdoesntkillyou.seq	16
1743	whatdoesntkillyou	pick_it_up_l_whatdoesntkillyou.seq	16
1744	whatdoesntkillyou	pick_it_up_r_whatdoesntkillyou.seq	16
1745	whatdoesntkillyou	picture_frame_whatdoesntkillyou.seq	16
1746	whatdoesntkillyou	pretty_ballerina_whatdoesntkillyou.seq	16
1747	whatdoesntkillyou	pump_iron_whatdoesntkillyou.seq	16
1748	whatdoesntkillyou	rainbow_whatdoesntkillyou.seq	16
1749	whatdoesntkillyou	rippin_my_heart_l_whatdoesntkillyou.seq	16
1750	whatdoesntkillyou	rippin_my_heart_r_whatdoesntkillyou.seq	16
1751	whatdoesntkillyou	roll_it_down_rl_whatdoesntkillyou.seq	16
1752	whatdoesntkillyou	round_the_booty_whatdoesntkillyou.seq	16
1753	whatdoesntkillyou	run_the_world_whatdoesntkillyou.seq	16
1754	whatdoesntkillyou	runnin_whatdoesntkillyou.seq	16
1755	whatdoesntkillyou	showgirl_whatdoesntkillyou.seq	16
1756	whatdoesntkillyou	sleeping_whatdoesntkillyou.seq	16
1757	whatdoesntkillyou	snake_up_whatdoesntkillyou.seq	16
1758	whatdoesntkillyou	spin_back_rl_whatdoesntkillyou.seq	16
1759	whatdoesntkillyou	stronger_whatdoesntkillyou.seq	16
1760	whatdoesntkillyou	swinging_whatdoesntkillyou.seq	16
1761	whatdoesntkillyou	watch_me_now_hey_whatdoesntkillyou.seq	16
1762	whatdoesntkillyou	watch_my_booty_whatdoesntkillyou.seq	16
1763	whatdoesntkillyou	wave_it_up_whatdoesntkillyou.seq	16
1764	whatdoesntkillyou	wave_your_arms_whatdoesntkillyou.seq	16
1765	whatdoesntkillyou	weight_lifting_whatdoesntkillyou.seq	16
1766	whatdoesntkillyou	wiggle_and_hit_whatdoesntkillyou.seq	16
1767	whatdoesntkillyou	womens_scorn_whatdoesntkillyou.seq	16
1768	whatdoesntkillyou	you_done_heard_whatdoesntkillyou.seq	16
1769	wildones	boog_lean_rl_wildones.seq	16
1770	wildones	buck_wildones.seq	16
1771	wildones	build_up_wildones.seq	16
1772	wildones	finishing_move_wildones.seq	14
1773	wildones	fist_pumpin_wildones.seq	16
1774	wildones	french_twist_wildones.seq	16
1775	wildones	front_shuffle_wildones.seq	16
1776	wildones	hands_high_wildones.seq	16
1777	wildones	hands_low_wildones.seq	16
1778	wildones	heel_clicks_wildones.seq	16
1779	wildones	kat_daddy_wildones.seq	16
1780	wildones	march_wildones.seq	16
1781	wildones	melt_wildones.seq	16
1782	wildones	pop_combo_l_wildones.seq	16
1783	wildones	pop_combo_r_wildones.seq	16
1784	wildones	pull_in_wildones.seq	16
1785	wildones	puppet_down_wildones.seq	16
1786	wildones	quick_scuff_wildones.seq	16
1787	wildones	scoop_knees_wildones.seq	16
1788	wildones	shrug_l_wildones.seq	16
1789	wildones	shrug_r_wildones.seq	16
1790	wildones	ski_wildones.seq	16
1791	wildones	slide_pull_l_wildones.seq	16
1792	wildones	slide_pull_r_wildones.seq	16
1793	wildones	stutter_skate_rl_wildones.seq	16
1794	wildones	styling_r_wildones.seq	16
1795	wildones	w_wildones.seq	16
1796	wildones	wave_slide_l_wildones.seq	16
1797	wildones	wave_slide_r_wildones.seq	16
1798	wildones	wind_step_wildones.seq	16
1799	ymca	cheesy_ymca.seq	16
1800	ymca	criss_cross_ymca.seq	16
1801	ymca	cross_jabs_ymca.seq	16
1802	ymca	finishing_move_ymca.seq	14
1803	ymca	lecture_ymca.seq	16
1804	ymca	left_offer_1_ymca.seq	16
1805	ymca	left_offer_2_ymca.seq	16
1806	ymca	march_ymca.seq	16
1807	ymca	presenation_1_ymca.seq	16
1808	ymca	presenation_2_ymca.seq	16
1809	ymca	push_cart_l_ymca.seq	16
1810	ymca	push_cart_r_ymca.seq	16
1811	ymca	right_offer_1_ymca.seq	16
1812	ymca	right_offer_2_ymca.seq	16
1813	ymca	sideclap_ymca.seq	16
1814	ymca	special_moment_1_ymca.seq	16
1815	ymca	special_moment_2_ymca.seq	16
1816	ymca	t_bar_ymca.seq	16
1817	ymca	ymca_ymca.seq	16
1818	yougotittherightstuff	bounce_right_left_set_yougotittherightstuff.seq	16
1819	yougotittherightstuff	bounce_shift_to_throw_l_yougotittherightstuff.seq	16
1820	yougotittherightstuff	bounce_shift_to_throw_r_yougotittherightstuff.seq	16
1821	yougotittherightstuff	boy_band_single_yougotittherightstuff.seq	16
1822	yougotittherightstuff	boy_band_yougotittherightstuff.seq	16
1823	yougotittherightstuff	cross_step_with_hands_yougotittherightstuff.seq	16
1824	yougotittherightstuff	crosswalk_shuffle_l_yougotittherightstuff.seq	16
1825	yougotittherightstuff	crosswalk_shuffle_r_yougotittherightstuff.seq	16
1826	yougotittherightstuff	drag_hand_in_yougotittherightstuff.seq	16
1827	yougotittherightstuff	drop_slow_l_hit_yougotittherightstuff.seq	16
1828	yougotittherightstuff	elbows_to_point_yougotittherightstuff.seq	16
1829	yougotittherightstuff	finishing_move_yougotittherightstuff.seq	14
1830	yougotittherightstuff	got_soul_l_yougotittherightstuff.seq	16
1831	yougotittherightstuff	got_soul_r_yougotittherightstuff.seq	16
1832	yougotittherightstuff	hands_down_slow_yougotittherightstuff.seq	16
1833	yougotittherightstuff	hop_and_pose_yougotittherightstuff.seq	16
1834	yougotittherightstuff	pose_step_forward_yougotittherightstuff.seq	16
1835	yougotittherightstuff	pose_step_thoughts_yougotittherightstuff.seq	16
1836	yougotittherightstuff	robocop_yougotittherightstuff.seq	16
1837	yougotittherightstuff	rock_groove_yougotittherightstuff.seq	16
1838	yougotittherightstuff	slide_l_snap_yougotittherightstuff.seq	16
1839	yougotittherightstuff	slow_right_hand_yougotittherightstuff.seq	16
1840	yougotittherightstuff	step_stomp_x2_yougotittherightstuff.seq	16
1841	yougotittherightstuff	style_slide_yougotittherightstuff.seq	16
1842	yougotittherightstuff	sway_to_high_fists_yougotittherightstuff.seq	16
1843	yougotittherightstuff	swing_to_mic_yougotittherightstuff.seq	16
1844	yougotittherightstuff	sync_hits_l_yougotittherightstuff.seq	16
1845	yougotittherightstuff	sync_hits_r_yougotittherightstuff.seq	16
1846	yougotittherightstuff	sync_roll_yougotittherightstuff.seq	16
1847	yougotittherightstuff	turn_on_to_sway_yougotittherightstuff.seq	16
1848	yougotittherightstuff	wipe_high_low_yougotittherightstuff.seq	16
1849	youmakemefeeldc	around_the_world_youmakemefeeldc.seq	16
1850	youmakemefeeldc	atl_youmakemefeeldc.seq	16
1851	youmakemefeeldc	balance_youmakemefeeldc.seq	16
1852	youmakemefeeldc	breathe_youmakemefeeldc.seq	16
1853	youmakemefeeldc	cheer_youmakemefeeldc.seq	16
1854	youmakemefeeldc	chest_pop_youmakemefeeldc.seq	16
1855	youmakemefeeldc	crosswalk_youmakemefeeldc.seq	16
1856	youmakemefeeldc	dancehall_youmakemefeeldc.seq	16
1857	youmakemefeeldc	double_showgirl_youmakemefeeldc.seq	16
1858	youmakemefeeldc	drag_hand_youmakemefeeldc.seq	16
1859	youmakemefeeldc	fans_youmakemefeeldc.seq	16
1860	youmakemefeeldc	finishing_move_youmakemefeeldc.seq	14
1861	youmakemefeeldc	foot_drag_youmakemefeeldc.seq	16
1862	youmakemefeeldc	gail_la_youmakemefeeldc.seq	16
1863	youmakemefeeldc	give_me_michael_l_youmakemefeeldc.seq	16
1864	youmakemefeeldc	give_me_michael_r_youmakemefeeldc.seq	16
1865	youmakemefeeldc	give_me_what_i_want_youmakemefeeldc.seq	16
1866	youmakemefeeldc	grind_youmakemefeeldc.seq	16
1867	youmakemefeeldc	hand_performance_1_youmakemefeeldc.seq	16
1868	youmakemefeeldc	hand_performance_2_youmakemefeeldc.seq	16
1869	youmakemefeeldc	live_youmakemefeeldc.seq	16
1870	youmakemefeeldc	magazine_youmakemefeeldc.seq	16
1871	youmakemefeeldc	miss_america_youmakemefeeldc.seq	16
1872	youmakemefeeldc	move_out_of_the_way_youmakemefeeldc.seq	16
1873	youmakemefeeldc	ninja_straight_r_youmakemefeeldc.seq	16
1874	youmakemefeeldc	old_way_youmakemefeeldc.seq	16
1875	youmakemefeeldc	pom_pom_high_youmakemefeeldc.seq	16
1876	youmakemefeeldc	pom_pom_low_youmakemefeeldc.seq	16
1877	youmakemefeeldc	push_it_youmakemefeeldc.seq	16
1878	youmakemefeeldc	push_l_youmakemefeeldc.seq	16
1879	youmakemefeeldc	quicksand_youmakemefeeldc.seq	16
1880	youmakemefeeldc	radio_youmakemefeeldc.seq	16
1881	youmakemefeeldc	search_low_youmakemefeeldc.seq	16
1882	youmakemefeeldc	shoulder_and_spin_youmakemefeeldc.seq	16
1883	youmakemefeeldc	showgirl_youmakemefeeldc.seq	16
1884	youmakemefeeldc	slave_4_u_hips_youmakemefeeldc.seq	16
1885	youmakemefeeldc	slave_4_u_punch_youmakemefeeldc.seq	16
1886	youmakemefeeldc	slave_4_u_snap_youmakemefeeldc.seq	16
1887	youmakemefeeldc	slave_4_u_snaps_youmakemefeeldc.seq	16
1888	youmakemefeeldc	slide_punch_lr_youmakemefeeldc.seq	16
1889	youmakemefeeldc	snap_low_youmakemefeeldc.seq	16
1890	youmakemefeeldc	straight_arm_youmakemefeeldc.seq	16
1891	youmakemefeeldc	strike_a_pose_youmakemefeeldc.seq	16
1892	youmakemefeeldc	subway_youmakemefeeldc.seq	16
1893	youmakemefeeldc	taps_youmakemefeeldc.seq	16
1894	youmakemefeeldc	this_is_too_fast_youmakemefeeldc.seq	16
1895	youmakemefeeldc	throw_r_youmakemefeeldc.seq	16
1896	youmakemefeeldc	vanna_white_youmakemefeeldc.seq	16
1897	youmakemefeeldc	vintage_youmakemefeeldc.seq	16
1898	youmakemefeeldc	vogue_rl_down_youmakemefeeldc.seq	16
1899	youmakemefeeldc	vogue_rl_up_youmakemefeeldc.seq	16
1900	youmakemefeeldc	walk_for_me_youmakemefeeldc.seq	16
